0.6772727272727272,0.228409090909091,0.005962676755067165,0.05255414526788245,-0.0042066166477389135,-0.046971465028298895,-0.005082627420590381
0.6772727272727272,0.228409090909091,-0.04407834047216827,0.054651009502731246,0.017425900032041634,-0.021529350768881367,0.0100800220013183
0.6772727272727272,0.228409090909091,-0.05035575959689631,0.04100777597468909,-0.0028808570305924224,-0.010961340776112978,0.015542495056383948
-0.32272727272727275,0.228409090909091,0.011277082718615333,-0.06263722763355131,-0.04020691844667615,0.05476412106071563,-0.05816414809470365
0.6772727272727272,0.228409090909091,0.09464905546890959,-0.005259397207234307,-0.008119224298341972,0.013856225458848563,-0.0270549966151818
0.6772727272727272,0.228409090909091,-0.023070386696800012,0.03353259113746839,-0.03045234565385034,-0.039542630632138226,-0.026614079507598025
0.6772727272727272,0.228409090909091,0.0011208605835794881,-0.035364376578991996,-0.010522837262762033,-0.042599628857107,0.006332226586856219
0.6772727272727272,0.228409090909091,-0.039423776859798906,-0.011441061899580753,0.015895348278913167,-0.023057849881365756,0.010765893057559726
-0.32272727272727275,0.228409090909091,-0.05383330712337917,-0.02925079189427051,-0.018962428971914087,-0.043503579945135394,-0.028549215701993477
0.6772727272727272,0.228409090909091,-0.05344988521661311,0.0721203394592962,0.1178063822636292,-0.0314399417885382,0.11129499358666027
0.6772727272727272,0.228409090909091,-0.07699020693434326,-0.005354709217909252,0.05413758504017943,0.021827430507826276,0.07582566182103219
0.6772727272727272,0.228409090909091,0.01021598488361159,-0.06361757974335075,-0.03695180133790997,-0.027150282988985242,-0.057135341510341504
0.6772727272727272,0.228409090909091,0.17578291429831358,0.0888135573289366,0.04102010980386008,-0.045771675402370295,0.02448331418238826
0.6772727272727272,0.228409090909091,0.08218338510474794,0.0056061720097094455,0.07578088025343271,0.00037913651006150125,0.09370730007304082
0.6772727272727272,0.228409090909091,0.1128214704919149,0.049953488976608944,0.044620139983753804,-0.04565662708207577,0.05331439393939394
-0.32272727272727275,0.228409090909091,-0.015580284332067693,-0.06375373975860067,-0.044518331835770426,-0.04396377322631349,-0.04696975264104893
0.6772727272727272,0.228409090909091,-0.09790899282441709,0.041116703986889026,0.04494349598793588,-0.04828630297452202,0.03984192676322306
-0.32272727272727275,0.228409090909091,-0.05460906772544073,0.004911755931934845,-0.05408966955955973,-0.03669929357343071,-0.06152001719131348
0.6772727272727272,0.228409090909091,0.05885706631172444,0.007226476191183514,0.023149301306064293,-0.014248435641670798,-0.002804555698074214
-0.32272727272727275,0.228409090909091,-0.03763150236538081,-0.04495004165258649,0.016304932550877123,-0.039493324209154856,-0.008903909019649757
0.6772727272727272,0.228409090909091,0.049449854413161826,-0.01739125456600233,-0.03610029719356385,-0.032968440901022585,-0.015248216289882955
-0.32272727272727275,0.228409090909091,-0.05736435538103869,-0.06706242812917378,-0.06403825595489478,0.005112553116464762,-0.06139754021698466
-0.32272727272727275,0.228409090909091,0.17187736092241743,-0.05282009053403196,-0.037533842145437694,0.10413628594139408,-0.012259778116259595
0.6772727272727272,0.228409090909091,0.12815834676255727,0.4170136580873479,0.15162942030107382,0.034219778150979256,0.035653214241177206
0.6772727272727272,0.228409090909091,0.09493439270185178,0.05418806545088151,0.06295442542087723,-0.002579248868940537,0.039205046496713164
0.6772727272727272,0.228409090909091,0.03713576945400072,-0.02132627900672507,-0.0038401465096658993,-0.047185126194560154,0.027471752356011618
-0.32272727272727275,0.228409090909091,-0.018745744260020042,-0.06583698799192447,-0.0548657239695967,0.001299523072417691,-0.06465542773413144
-0.32272727272727275,0.228409090909091,0.020291955921882446,-0.06798831623287324,-0.05288247381061333,-0.04251745148546805,-0.0681337738050701
0.6772727272727272,0.228409090909091,-0.07032936590284916,0.19998820978049767,0.194075285116707,-0.03145637726286599,0.14017506413339748
-0.32272727272727275,0.228409090909091,0.2772024670322009,-0.05032836225495839,-0.0575819144047261,-0.030766087341098845,-0.0434669111752445
-0.32272727272727275,0.228409090909091,0.06076525905702529,-0.029768199952220215,0.034014063046581874,-0.031620732006143876,-0.018310140648103608
-0.32272727272727275,0.228409090909091,-0.08371346548554345,-0.019842134840500923,-0.05193396286501259,-0.01617138613802212,-0.050497089501719127
-0.32272727272727275,0.228409090909091,0.08588385234446688,-0.06097607544750227,-0.05459626063277831,-0.04611682036325386,-0.04809654080487413
-0.32272727272727275,0.228409090909091,0.15808308906736876,-0.013755782158829421,-0.006739572013831803,0.05026080109490142,-0.06174047574510537
-0.32272727272727275,0.228409090909091,-0.09361110075322544,-0.05197589843948244,-0.061322065519765385,-0.043503579945135394,-0.058752037571482014
0.6772727272727272,0.228409090909091,-0.10086936661619224,-0.004156501083709941,0.033841606511018106,-0.036797906419397446,0.03325266554433221
-0.32272727272727275,0.228409090909091,0.16009828327502293,-0.019528966805426103,-0.027197228545084162,-0.022071721421698408,-0.04946828291735699
0.6772727272727272,0.228409090909091,0.02824573129014581,0.0648085466403754,0.04878065390422979,-0.018932545825090692,0.088783725705022
0.6772727272727272,0.228409090909091,-0.06606714098577529,0.1352441225291599,0.09439540756084727,-0.04994628588162872,0.09980665339461636
-0.32272727272727275,0.228409090909091,0.3937538099005535,-0.0713650846110713,-0.07598087104268594,0.11389895769210082,-0.06539028958010439
-0.32272727272727275,0.228409090909091,0.10722172729542455,-0.019937446851175867,-0.034429624505289816,0.10581270432282858,-0.042536086170345426
-0.32272727272727275,0.228409090909091,0.0639842197161543,-0.03718892078334095,-0.02150616287147971,-0.01707533722605052,-0.0075076715123011395
0.6772727272727272,0.228409090909091,-0.01025696157999008,0.0239469260638739,0.07555453105050526,-0.04739878736082141,0.09841041588726775
0.6772727272727272,0.228409090909091,-0.10138654035089995,0.07214757146234618,0.1729601380436178,-0.03755393823847574,0.16283330438423033
0.6772727272727272,0.228409090909091,-0.0207787720447331,0.016757677258678032,0.027158915757921974,-0.04159706492311186,0.042536420198457235
0.6772727272727272,0.228409090909091,-0.060806235753403784,0.22122917215948545,0.1463694959663788,-0.021890931204092728,0.10953132515632517
0.6772727272727272,0.228409090909091,-0.07933532231758683,0.1126415599976729,0.15093959415881875,-0.023074285355693544,0.09578940863663087
0.6772727272727272,0.228409090909091,0.2894898016257737,0.6598686612871083,0.513270775378302,0.07741220468440901,0.5214948760087649
0.6772727272727272,0.228409090909091,-0.004291630053792556,0.004843675924309884,0.03143799354659804,-0.04089033952701693,0.05485760381593715
0.6772727272727272,0.228409090909091,-0.06271442849870464,0.2126238591956904,0.2260228583298956,-0.02093767369308096,0.26213763517004257
-0.32272727272727275,0.228409090909091,-0.05110476983336954,-0.06401244378757552,-0.06436161195907686,0.012952274370820163,-0.055665617818395595
-0.32272727272727275,0.228409090909091,-0.07715962591640267,-0.02376354327969867,-0.010296488059834583,-0.046560578170104165,-0.032909395988099686
0.6772727272727272,0.228409090909091,0.2560964285830088,-0.02560170348557261,-0.022368445549298566,-0.04174498419206196,-0.007213726773911956
0.6772727272727272,0.228409090909091,-0.10262597395649256,0.06367841851380106,0.03859493977249455,-0.038260663634570674,0.06686034730016212
-0.32272727272727275,0.228409090909091,0.13668279659670501,-0.05919237924772829,-0.06471730356367714,-0.010451841071951516,-0.06558625273903052
-0.32272727272727275,0.228409090909091,-0.060066142305459994,-0.028774231840895784,-0.03175654820405136,-0.033116360169972686,-0.021004634083337786
0.6772727272727272,0.228409090909091,-0.07046311773079081,0.328087552127624,0.20387297204342375,-0.007493455692949478,0.36396499162702867
0.6772727272727272,0.228409090909091,-0.05870187366045518,0.05632577769030528,0.027331372293485742,-0.04986410850998978,0.11489581663192776
-0.32272727272727275,0.228409090909091,0.015860312022749158,-0.052098442453207376,-0.0679400850720251,-0.04069311383508346,-0.06502285865711792
-0.32272727272727275,0.228409090909091,-0.05228178591925605,-0.0059401972834839155,0.0009563008857014869,-0.048368480346160966,0.0049604844743733655
0.6772727272727272,0.228409090909091,-0.030408903656531792,-0.03746124081384079,-0.0010485063402273533,-0.04891085099897801,0.029725328683662018
0.6772727272727272,0.228409090909091,0.21348309620079958,0.4435103970549827,0.5566759296730087,0.0029923769281799684,0.583468225019151
0.6772727272727272,0.228409090909091,-0.03724808045861475,0.006109964066134156,-0.01516838518951112,0.01778430382319016,0.02921092539148095
0.6772727272727272,0.228409090909091,-0.023221972101800544,0.07903726823399222,0.08432825729731212,-0.0028915228811685297,0.11746783309283311
-0.32272727272727275,0.228409090909091,-0.06456020372429938,-0.062215131586276555,-0.05067287444870251,0.010717049862240846,-0.040037555894037374
0.6772727272727272,0.228409090909091,-0.10624619009944651,0.20645581050486897,0.4082555237534381,-0.04989697945864536,0.5229645997007107
-0.32272727272727275,0.228409090909091,-0.1069238660276842,-0.05803501911810396,-0.005758725467812854,-0.04761244852708267,0.014366716102827217
0.6772727272727272,0.228409090909091,0.07055589286235396,0.013108588849980132,0.05939750937487445,-0.029845700778742653,0.05534751171325246
-0.32272727272727275,0.228409090909091,-0.08519365238143103,0.01993020561400121,-0.04266442407845989,0.045987577769676255,-0.05128094213742362
-0.32272727272727275,0.228409090909091,-0.03253109932653928,-0.04052484115696403,-0.07176646445484627,-0.037685422033098055,-0.05451433425970463
-0.32272727272727275,0.228409090909091,0.041950835259900066,-0.0511861703510329,-0.05119024405539383,0.12443409673621363,-0.06774184748721786
-0.32272727272727275,0.228409090909091,0.05609286186759704,-0.06168410752680186,0.14109879309821105,0.03781914702876507,0.03163596948319171
-0.32272727272727275,0.228409090909091,-0.06759191182431008,-0.008949333620507186,-0.05702143066414384,0.09532687170169914,-0.03822489667397075
0.6772727272727272,0.228409090909091,0.07043105782294176,-0.006321445326183696,0.008210253912852612,0.0831646206991352,-0.051868831614201985
0.6772727272727272,0.228409090909091,-0.033975619068309086,0.0074443322155833885,0.019861848596879905,-0.02936907202323677,-0.02401756765182691
-0.32272727272727275,0.228409090909091,0.07488053529913394,-0.06344057172352585,-0.08567077263467533,0.0219424788281208,-0.07050982710704932
-0.32272727272727275,0.228409090909091,-0.10061077974883839,-0.030081367987295035,-0.015297727591183948,0.07327046515380616,-0.057625249407656814
0.6772727272727272,0.228409090909091,0.0018252868774055037,0.09396040590538364,0.22191623707678332,-0.03620622934359703,0.22419426852297225
-0.32272727272727275,0.228409090909091,-0.011005971816463312,-0.06292316366557615,-0.06342387954694885,-0.01603990234339981,-0.06321019943705129
-0.32272727272727275,0.228409090909091,-0.09238058393616227,-0.03454741648749247,-0.04630756839224456,-0.03622266481792483,-0.04113984866299681
-0.32272727272727275,0.228409090909091,-0.044542013475699326,-0.06763430019322345,-0.05327050101563182,-0.04342140257349645,-0.05564112242352983
0.6772727272727272,0.228409090909091,-0.10505134043650112,0.050974689090983356,0.06954010937271875,-0.045837417299681445,0.12092168376890601
0.6772727272727272,0.228409090909091,-0.01460835438235838,0.04678096062128577,0.03295776676625378,-0.038375711954865194,0.016056898348565017
-0.32272727272727275,0.228409090909091,0.07912492663914891,-0.057640155073879186,-0.06648498305320578,-0.01235835609397505,-0.05711084611547574
0.6772727272727272,0.228409090909091,-0.00118858764554631,-0.033621528383792995,-0.03381524809734388,-0.031127667776310205,0.02340551680829459
0.6772727272727272,0.228409090909091,0.03670776360458744,0.5500964569926214,0.9143292273653247,-0.03362585987413415,0.9294901728929508
0.6772727272727272,0.228409090909091,0.097413259913037,0.9218269146264325,0.2604387157083407,-0.034266843372917924,0.42103926166426164
-0.32272727272727275,0.228409090909091,0.2787807386019124,-0.010501557794356292,0.0017862479631021357,0.053252057422559035,-0.031905084798603316
-0.32272727272727275,0.228409090909091,-0.03688249212890758,-0.0715420926308962,-0.04213627593829584,0.10951068604658112,-0.06654157313879536
-0.32272727272727275,0.228409090909091,0.11505958441280516,-0.026690983607571984,-0.028253524825412258,0.006098681576132108,-0.059462404022589205
-0.32272727272727275,0.228409090909091,-0.005308143946149085,-0.07080682854854661,-0.06804787040675246,0.004520876040664355,-0.06889313104590881
-0.32272727272727275,0.228409090909091,0.00672060378006984,-0.041314569245413574,-0.05843341854907222,0.09238492179702489,-0.05522470071081182
0.6772727272727272,0.228409090909091,-0.024987496230630304,0.295136828437143,0.25957643303052186,0.002630796492968608,0.3925266220405109
-0.32272727272727275,0.228409090909091,-0.006119571702328419,-0.03684852074521614,-0.06347777221431253,0.5249008642071229,-0.06884414025617729
0.6772727272727272,0.228409090909091,-0.056838264857801545,0.08746557317796237,0.03634222627669279,-0.04710294882292121,0.052824486042078636
-0.32272727272727275,0.228409090909091,-0.10697736675886085,-0.03916324100446481,-0.018315716963549944,-0.04325704783021856,-0.06512084023658098
0.6772727272727272,0.228409090909091,-0.106799030988272,-0.043302505468062434,0.0017970264965748715,-0.048105512756916345,0.0243118464183279
-0.32272727272727275,0.228409090909091,-0.10341065134708356,-0.07546350107009393,-0.07912820281672477,-0.037767599404737,-0.0692605619688953
-0.32272727272727275,0.228409090909091,-0.10251897249413924,-0.07739697328664283,-0.07731740919330517,-0.03577890701107452,-0.06921157117916377
-0.32272727272727275,0.228409090909091,-0.020885773507086418,-0.049211850129909036,-0.06512688783564109,0.04219098319995697,-0.06531680339550709
0.6772727272727272,0.228409090909091,-0.0036228709140843133,0.026996910405472144,0.0451914022578088,0.00295950597952439,0.12623718445477705
0.6772727272727272,0.228409090909091,-0.0943422774126398,0.06826701102772341,0.08963129576589808,-0.024306945930277726,0.09515252837012096
0.6772727272727272,0.228409090909091,-0.08086009315612162,0.00902378839248248,-0.0029563067649015723,-0.008397406780977877,0.0414341274294978
-0.32272727272727275,0.228409090909091,0.39306721718378634,-0.031211496113869384,0.010290510873090603,0.24581007464693613,-0.034330128890314074
-0.32272727272727275,0.228409090909091,0.018722601140700436,-0.04989265020615864,-0.048571060421519055,-0.028530862832519526,-0.03406067954679066
-0.32272727272727275,0.228409090909091,0.03198186568398253,-0.06511533991109988,-0.04291233034833281,-0.03553237489615768,-0.06717845340530526
0.6772727272727272,0.228409090909091,-0.09403910660263873,0.007362636206433436,0.02967031405706939,-0.048302738448849816,0.09672023364152994
0.6772727272727272,0.228409090909091,-0.028563128430937043,0.0660339867776247,0.07474614104005009,-0.009876599470478897,0.14911588325940178
0.6772727272727272,0.228409090909091,-0.0933525138858716,0.03541159934791731,-0.010458166061925619,-0.04642909437548186,-0.009222349152904706
0.6772727272727272,0.228409090909091,-0.094467112452052,0.14886012405415208,0.22672346300562343,-0.0394275823118437,-0.05010516318386689
-0.32272727272727275,0.228409090909091,-0.0016255102834890286,-0.05648279494425485,-0.06744427253227926,-0.013081516964397771,-0.0664435915593323
0.6772727272727272,0.228409090909091,0.005160165787417274,0.07240627549132103,0.10366494634739996,-0.03725809970057554,0.0875834513565995
-0.32272727272727275,0.228409090909091,0.06282503720732668,-0.04120564123321364,-0.0590909090909091,0.09501459768947114,-0.058752037571482014
-0.32272727272727275,0.228409090909091,0.02173647566365225,-0.04767324195758492,-0.06702390972684256,0.0024335708010351387,-0.056253507295173956
-0.32272727272727275,0.228409090909091,0.053890415100824554,-0.06421668381045041,-0.06414604128962213,-0.008496019626944613,-0.06769285669748633
-0.32272727272727275,0.228409090909091,-0.007724593637628202,-0.06812447624812316,-0.053496850218559266,-0.005866343734498357,-0.06382258430869542
-0.32272727272727275,0.228409090909091,-0.007376838884979916,-0.044596025612936685,-0.04954112843406527,-0.0255560419791897,-0.0629897408832594
-0.32272727272727275,0.228409090909091,-0.04467576530364097,-0.02609187954047233,-0.027714598151775474,-0.023419430316577117,-0.06276928232946752
-0.32272727272727275,0.228409090909091,0.07176857610235825,-0.053174106573681754,-0.06024421217249182,0.0373260827989314,-0.06051570600181711
-0.32272727272727275,0.228409090909091,-0.03336927744830695,-0.0470060578828603,-0.06256159686912999,0.01354395144662057,-0.06406753825735306
-0.32272727272727275,0.228409090909091,0.046007974040796734,-0.06258276362745134,-0.04892675202611933,-0.010764115084179508,-0.06632111458500348
-0.32272727272727275,0.228409090909091,-0.07115862723608737,-0.03488781652561727,-0.06955686509293546,-0.011125695519390869,-0.0641165290470846
-0.32272727272727275,0.228409090909091,0.0018877043971116064,-0.07618514915091852,-0.08306236753427329,-0.017765627147817663,-0.06997092842000249
0.6772727272727272,0.228409090909091,-0.007403589250568245,0.06770875496519874,0.009298885793598919,-0.014429225859276478,-0.022180413036894515
-0.32272727272727275,0.228409090909091,0.21444610936197944,-0.05656449095340481,-0.05378787062232313,0.02818795907268066,-0.058335615858764005
-0.32272727272727275,0.228409090909091,0.5727850899947148,-0.03163359216114414,-0.0091539635117246,0.22132121789853038,-0.05152589608608127
-0.32272727272727275,0.228409090909091,0.06436764162292036,-0.053868522651456356,-0.06783229973729775,0.08420005558178591,-0.06203442048349456
0.6772727272727272,0.228409090909091,0.08439474866004987,0.01969873358807634,0.029465521921087413,-0.036025439125991356,-0.012137301141930769
-0.32272727272727275,0.228409090909091,-0.10575576673032713,0.041538800034163784,-0.04449677476882496,-0.04815481917989971,-0.04456920394420394
-0.32272727272727275,0.228409090909091,0.270283039133353,-0.0663135480452992,-0.06942752269126264,-0.022252511639304088,-0.060540201396682876
-0.32272727272727275,0.228409090909091,-0.0432579959274595,-0.04586231375476096,-0.07816891333765129,0.05331779931987019,-0.06090763231966936
-0.32272727272727275,0.228409090909091,-0.08826994442408895,-0.07090214055922156,-0.08231864872465453,-0.044801982417030733,-0.06886863565104305
-0.32272727272727275,0.228409090909091,0.025882782329843354,-0.05125425035865786,-0.05898312375618174,-0.04102182332163924,-0.04719021119484082
-0.32272727272727275,0.228409090909091,-0.022883134137681702,-0.06473409186840011,-0.07239161939626496,-0.04332278972752972,-0.06431249220601072
-0.32272727272727275,0.228409090909091,-0.04112688346892256,-0.05329665058740669,-0.06227057646536613,-0.03865511501843761,-0.06943202973295566
-0.32272727272727275,0.228409090909091,-0.050828349388956806,-0.06137093949172704,-0.05777592800723534,-0.031259151570932515,-0.06570872971335934
-0.32272727272727275,0.228409090909091,-0.06576397017577422,0.03788971162546588,-0.00993001792176157,0.02470363851518937,-0.01064308205511909
-0.32272727272727275,0.228409090909091,-0.07947799093405791,0.031095326864494788,0.003564705986103526,-0.03962480800377717,-0.052922133593429885
-0.32272727272727275,0.228409090909091,0.013702449198623894,-0.02095864696555028,-0.03144397073334203,-0.047941158013638456,-0.06448395997007107
-0.32272727272727275,0.228409090909091,-0.05896937731633848,-0.011127893864505932,-0.04967047083573809,-0.03692939021401975,-0.05497974676215417
-0.32272727272727275,0.228409090909091,0.05013644712992896,-0.02064547893047546,-0.006965921216759252,-0.013032210541414404,-0.047067734220512
-0.32272727272727275,0.228409090909091,0.16387900161150684,0.1015172867517543,-0.02977329804506799,-0.04521286927522546,-0.06933404815349259
-0.32272727272727275,0.228409090909091,0.22323806285201048,0.018459677449302055,0.003252128515394191,-0.0012644109227174087,-0.07009340539433132
-0.32272727272727275,0.228409090909091,-0.01422493247559232,-0.05719082702355444,-0.07388983554897521,0.0879802146771774,-0.06080965074020629
-0.32272727272727275,0.228409090909091,0.060872260519378614,-0.02885592785004574,-0.06427538369129497,-0.04854927056376665,-0.05794368954091176
0.6772727272727272,0.228409090909091,0.08951298527595028,0.03523459132809241,0.2893036283483269,-0.04979836661267862,0.23783820346320347
-0.32272727272727275,0.228409090909091,-0.03772958703920469,-0.05256138650505711,-0.06223824086494792,-0.03526940730691305,-0.06879514946644576
-0.32272727272727275,0.228409090909091,-0.02494291228798309,-0.03299519231364336,-0.056525618124398,-0.029352636548908982,-0.044079296046888636
-0.32272727272727275,0.228409090909091,-0.05418106187602746,-0.07097022056684653,-0.07986114309287079,0.01610788544175567,-0.06365111654463507
-0.32272727272727275,0.228409090909091,0.17665675957419902,-0.05941023527212817,-0.0679077494716069,-0.03734027707221448,-0.06781533367181515
-0.32272727272727275,0.228409090909091,0.037670776765767314,-0.05407276267433124,-0.06667899665571503,-0.03646919693284166,-0.06641909616446653
-0.32272727272727275,0.228409090909091,-0.09551037670999686,-0.033607912382268006,-0.06390891355322195,-0.04176141966638975,-0.06433698760087649
-0.32272727272727275,0.228409090909091,0.06098817877026137,-0.06025442736667769,-0.05191240579806712,-0.0011657980767506742,-0.061960934298897256
-0.32272727272727275,0.228409090909091,-0.07612527844698726,0.04702604864873563,-0.0601795409716554,-0.037685422033098055,-0.06318570404218551
-0.32272727272727275,0.228409090909091,-0.1014578746591355,-0.07817308537356737,-0.08422644914932875,-0.04925599595986158,-0.07041184552758627
0.6772727272727272,0.228409090909091,-0.0892686247393866,0.06663309084472435,0.12404715314434317,-0.046659191016070904,0.21299987306931753
0.6772727272727272,0.228409090909091,-0.07285281705668159,-0.006879701388708375,0.07441200650239528,-0.04527861117253662,0.09338885993978586
-0.32272727272727275,0.228409090909091,0.05147396540934544,-0.06032250737430265,-0.05903701642354542,0.005030375744825817,-0.050717548055511014
0.6772727272727272,0.228409090909091,-0.0814931851417121,0.010535164561756611,0.01796482670567842,-0.0352036654096019,0.027496247750877383
0.6772727272727272,0.228409090909091,-0.10383865719649683,0.025975710291097732,0.072547320211612,-0.0439473377519857,0.12726599103913921
0.6772727272727272,0.228409090909091,-0.0916226569111596,-0.029209943889695535,0.0524992479523236,-0.03694582568834755,0.03778431359449878
-0.32272727272727275,0.228409090909091,0.0038672314506480046,-0.07156932463394618,-0.08265278326230933,-0.03254111856850007,-0.07050982710704932
-0.32272727272727275,0.228409090909091,0.0283259823869108,-0.0513631783708578,-0.044636895703970524,-0.006688117450887812,-0.06490038168278908
0.6772727272727272,0.228409090909091,-0.05768535976809865,0.13520327452458492,0.2039160861773147,-0.011585888800568964,0.265640476635847
0.6772727272727272,0.228409090909091,-0.060422813846637724,0.024600494137073523,0.006819823094869708,-0.008742551741861448,0.019412767445174856
0.6772727272727272,0.228409090909091,0.032231535762806934,0.09336130183828399,0.12833700946649199,0.022238317366021006,0.10352995341421269
0.6772727272727272,0.228409090909091,-0.06400736283547391,0.01259118079203043,0.013136043709892827,-0.034168230526951185,0.0512322853758039
-0.32272727272727275,0.228409090909091,-0.08091359388729828,-0.03541884058509197,-0.05047886084619327,-0.04383228943169118,-0.029431049917161025
-0.32272727272727275,0.228409090909091,-0.055206492556913435,-0.06891420433657271,-0.07704794585648678,-0.027594040795835547,-0.06864817709725117
-0.32272727272727275,0.228409090909091,-0.05872862402604351,-0.06915929236402256,-0.06247536860134811,-0.011059953622079711,-0.06889313104590881
0.6772727272727272,0.228409090909091,-0.10468575210679394,0.039196847771865134,0.05905259630374691,-0.032146667184633125,0.10125188169169652
0.6772727272727272,0.228409090909091,-0.10522075941856054,0.2732150659819056,0.12788431106063708,-0.03978916274705506,0.1443147858657118
-0.32272727272727275,0.228409090909091,-0.0984885840788309,-0.004319893102009847,-0.015254613457293006,-0.04501564358329199,-0.0010163918728733517
0.6772727272727272,0.228409090909091,-0.10242088782031536,0.025608078249922943,0.127765747192437,-0.035088617089307376,0.17035339060802024
-0.32272727272727275,0.228409090909091,-0.10445391560502842,-0.06247383561525141,-0.029212814304485735,-0.009153438600056176,-0.06683551787718454
0.6772727272727272,0.228409090909091,-0.08611208159996368,0.02789556650612163,0.04228119822017016,-0.04963401186940073,0.032199363565104305
-0.32272727272727275,0.228409090909091,0.2999581113593401,0.015818173153453574,-0.015254613457293006,0.07060791831270433,-0.03305636835729428
-0.32272727272727275,0.228409090909091,0.006765187722717056,0.020883325720750662,-0.036844016003182614,-0.02169370551215926,-0.07009340539433132
-0.32272727272727275,0.228409090909091,-0.00890160972351471,0.017411245331877656,-0.032403260212415505,-0.03155499010883272,-0.0676438659077548
-0.32272727272727275,0.228409090909091,-0.07885381573699689,-0.01236695000328022,-0.05875677455325429,0.023092962031066037,-0.06389607049329271
-0.32272727272727275,0.228409090909091,0.0031717219453514323,0.003264219747410792,0.010085718737108625,-0.04388159585467454,-0.03673067758715907
-0.32272727272727275,0.228409090909091,0.8930226332411392,0.32447931172350114,0.10990571722811394,0.2247233610843827,0.050619900504159765
-0.32272727272727275,0.228409090909091,-0.10081586588501558,0.037263375555316246,0.02766550683114055,-0.04320774140723519,0.09860637904619386
-0.32272727272727275,0.228409090909091,0.2215527898199457,0.519501301565964,0.13169991190998553,0.5499649625570012,-0.06472891391872873
-0.32272727272727275,0.228409090909091,-0.10408832727532125,-0.06642247605749914,-0.034936215578508394,-0.04927243143418937,-0.06240185140648103
-0.32272727272727275,0.228409090909091,-0.03415395483889795,0.008874012375707566,-0.07342635860964758,-0.014642887025537735,-0.06916258038943224
-0.32272727272727275,0.228409090909091,-0.08017350043935449,-0.07182802866292103,-0.07649824064937726,0.006542439382982414,-0.047337183564035414
-0.32272727272727275,0.228409090909091,-0.08526498668966657,0.0300332787455454,0.020131311933698295,0.0525453320264641,0.01414625754903533
0.6772727272727272,0.228409090909091,-0.03531313734772557,0.025090670191973242,0.04026561246076858,-0.0051596183384034254,0.09694069219532182
0.6772727272727272,0.228409090909091,-0.09956751549089353,0.0787104841973924,0.03848715443776719,-0.04596890109430376,0.028059641832789983
-0.32272727272727275,0.228409090909091,0.04401061341020145,0.006178044073759117,-0.06435083342560412,0.07001624123690392,-0.06769285669748633
-0.32272727272727275,0.228409090909091,0.014478209800685456,-0.07490524500756926,-0.07081795350924554,-0.035861084382713466,-0.06953001131241872
-0.32272727272727275,0.228409090909091,-0.0578815291157464,-0.05902898722942839,-0.061440629387965476,-0.04149845207714513,-0.06600267445174852
0.6772727272727272,0.228409090909091,-0.1053990951891494,-0.03147020014284423,0.1330148929936593,-0.034727036654096016,0.06703181506422247
-0.32272727272727275,0.228409090909091,-0.04363250104569611,-0.06514257191414988,-0.053647749687177566,-0.03724166422624775,-0.06188744811429996
-0.32272727272727275,0.228409090909091,0.044786374012263014,-0.008949333620507186,-0.02933137817268583,0.07915436496315466,-0.062499832985944095
-0.32272727272727275,-0.771590909090909,0.16606361480122045,0.019235789536226608,-0.03292062981910682,0.2570355036128161,-0.05189332700906775
0.6772727272727272,-0.771590909090909,-0.08536307136349046,0.017710797365427484,0.026296633080103115,-0.03196587696702745,0.03508982015926461
-0.32272727272727275,-0.771590909090909,-0.0028025263693755354,-0.04959309817260882,-0.012150395817145124,0.007479261419666393,-0.056082039531113605
-0.32272727272727275,-0.771590909090909,-0.0207787720447331,-0.0478774819804598,-0.06293884554067573,-0.041942209883995434,-0.060736164555609
0.6772727272727272,-0.771590909090909,-0.07965632670464678,0.1013538947334544,0.163572035388865,0.01428354779137108,0.17336632417650938
0.6772727272727272,-0.771590909090909,-0.06702123735842572,0.11713484050092032,0.1806128968092601,0.007840841854877753,0.2781086326225215
-0.32272727272727275,-0.771590909090909,0.11772570418310868,0.07748504406014312,0.01658517442116825,0.03275702093580603,-0.06362662114976929
-0.32272727272727275,-0.771590909090909,-0.10180562941178378,-0.06959500441282232,-0.06181787805951123,-0.042780419074712674,-0.047214706589706584
-0.32272727272727275,-0.771590909090909,-0.08956287876085822,-0.06679010809867393,-0.029374492306576773,-0.02775839553911344,-0.0704608363173178
0.6772727272727272,-0.771590909090909,-0.09713323222235552,0.08053502840174136,0.16862716758757804,-0.03479277855140717,0.1563665201396683
-0.32272727272727275,-0.771590909090909,-0.050177423826307445,-0.06830148426794806,-0.07546350143599462,-0.03605831007464693,-0.06352863957030623
0.6772727272727272,-0.771590909090909,-0.08434655747113393,-0.014422966233554038,-0.020072617919605865,-0.0020697491647790746,0.05963420581476137
-0.32272727272727275,-0.771590909090909,-0.09329901315469494,-0.027889191741771294,-0.022778029821262525,-0.019935109759085825,0.012235616749505641
0.6772727272727272,-0.771590909090909,-0.05751594078603923,0.09439611795418339,0.09502056250226594,-0.036288406715235984,0.2336494909411576
-0.32272727272727275,-0.771590909090909,0.05855389550172337,-0.05311964256758179,-0.07068861110757271,-0.020888367270097595,-0.06460643694439991
0.6772727272727272,-0.771590909090909,0.0010584430638733854,0.3067648937394863,0.3421399994316773,0.027349749881963415,0.4048723010528566
-0.32272727272727275,-0.771590909090909,-0.04199181195627855,-0.06514257191414988,-0.06347777221431253,-0.029270459177270034,-0.06470441852386297
-0.32272727272727275,-0.771590909090909,-0.07742712957228598,0.010970876610556362,-0.011751590078653904,-0.02864591115281405,0.02644294577164948
0.6772727272727272,-0.771590909090909,-0.08594266261790427,0.01027646053278176,0.03678414614907495,-0.03548306847317431,0.07533575392371689
-0.32272727272727275,-0.771590909090909,-0.08198360851083147,0.06765429095909876,0.08177374486427376,-0.02790631480806354,0.07217584798603317
0.6772727272727272,-0.771590909090909,-0.08442680856789891,0.1470900438559031,0.3075624640511412,-0.047546706629771514,0.2554014015819572
-0.32272727272727275,-0.771590909090909,0.053890415100824554,-0.0588383632080785,-0.0636502287498763,-0.008874035536483763,-0.06739891195909714
0.6772727272727272,-0.771590909090909,-0.1068436149309192,0.0232525099860993,0.07818449321785277,-0.02936907202323677,0.04692109587942921
-0.32272727272727275,-0.771590909090909,-0.06995486078461255,-0.07392489289776982,-0.07072094670799091,-0.012588452734564099,-0.06847670933319082
-0.32272727272727275,-0.771590909090909,0.024563097627485753,-0.06668118008647399,-0.0708071749757728,-0.021480044345898,-0.06921157117916377
-0.32272727272727275,-0.771590909090909,-0.05888912621957349,0.023238893984574308,0.02904515911565072,-0.048993028370616955,0.031488997113997115
-0.32272727272727275,-0.771590909090909,-0.062054586147525834,-0.06374012375707568,-0.05491961663696038,0.07271165902666132,-0.06431249220601072
0.6772727272727272,-0.771590909090909,-0.08212627712730255,-0.044514329603786734,-0.02895412950114008,0.041747225393106664,-0.05128094213742362
-0.32272727272727275,-0.771590909090909,-0.04214339736127909,-0.06994902045247212,-0.06954608655946272,-0.03760324466145911,-0.06886863565104305
-0.32272727272727275,-0.771590909090909,0.00606076142889104,-0.03476527251189234,-0.040896744588931236,-0.03964124347810496,-0.05194231779879928
0.6772727272727272,-0.771590909090909,0.07830458209444013,0.0016983795720366926,0.013588742115747727,-0.021578657191864737,-0.007679139276361496
-0.32272727272727275,-0.771590909090909,-0.07096245788843963,-0.048912298096359205,-0.06885626041720765,-0.01291716222111988,-0.06414102444195037
-0.32272727272727275,-0.771590909090909,-0.09033863936291978,-0.07106553257752146,-0.07953778708868872,-0.03487495592304612,0.04606375705912743
-0.32272727272727275,-0.771590909090909,-0.02982039561358854,-0.04153242526981345,-0.05874599601978155,0.062012165239270625,-0.053583509254805546
0.6772727272727272,-0.771590909090909,-0.008277434526453683,0.00262426767573616,-0.025181642785682586,0.08627092534708734,-0.04719021119484082
-0.32272727272727275,-0.771590909090909,-0.08610316481143425,0.06646969882642445,-0.04444288210146128,-0.026838008976757248,-0.03222352493185826
-0.32272727272727275,-0.771590909090909,0.1244935466769561,-0.054685482742955885,-0.044335096766733924,-0.04000282391331632,-0.06362662114976929
-0.32272727272727275,-0.771590909090909,-0.09840833298206592,-0.011059813856880972,-0.04996149123950196,-0.035088617089307376,-0.06056469679154864
-0.32272727272727275,-0.771590909090909,0.03212453430045362,-0.04211791333538811,-0.0443889894340976,0.019526464101935804,-0.06262230996027292
-0.32272727272727275,-0.771590909090909,-0.09061505980733252,0.0079481242720081,-0.05526452970808792,-0.030470248803198638,-0.040796913134876094
-0.32272727272727275,-0.771590909090909,-0.030007648172706847,-0.06775684420694837,-0.052860916743667864,-0.012489839888597363,-0.06041772442235405
-0.32272727272727275,-0.771590909090909,0.059668494067903775,-0.026663751604521998,-0.07931143788576127,0.025673331500528924,-0.0698974422354052
-0.32272727272727275,-0.771590909090909,-0.04134980318215865,-0.07245436473307067,-0.07939766615354316,-0.03221240908194428,-0.06881964486131152
-0.32272727272727275,-0.771590909090909,0.3164809205043984,-0.04396968954278705,-0.044971030241625326,0.035682535366152485,-0.050301126342793004
-0.32272727272727275,-0.771590909090909,0.09002124222212855,-0.03024476000559494,-0.009811454053561477,0.13723733123756135,-0.062181392852689144
-0.32272727272727275,-0.771590909090909,0.11528250412604124,-0.05439954671093105,-0.059026237890072684,-0.014067645424065118,-0.06049121060695135
-0.32272727272727275,-0.771590909090909,0.05551327061318322,-0.06994902045247212,-0.05429446169554171,0.01117724314341894,-0.05622901190030819
-0.32272727272727275,-0.771590909090909,-0.007046917709390516,-0.030231144004069947,-0.03052779538815949,-0.041268355436556076,-0.029382059127429496
-0.32272727272727275,-0.771590909090909,-0.051702194664842244,0.026942446399372176,0.030888288339488524,-0.031045490404671257,0.006405712771453515
0.6772727272727272,-0.771590909090909,-0.079700910647294,0.004870907927359868,0.06429096357149645,-0.04670849743905427,0.14823404904423423
-0.32272727272727275,-0.771590909090909,-0.027778451040346038,-0.04586231375476096,-0.0665496542540422,-0.021282818653964534,-0.06005029349936757
-0.32272727272727275,-0.771590909090909,0.013987786431566077,-0.07421082892979466,-0.08043240536692578,-0.0163521763556278,-0.06950551591755295
-0.32272727272727275,-0.771590909090909,0.03273087592045576,-0.0070430934070082815,-0.05976995669969144,-0.04130122638521166,-0.05681690137708656
-0.32272727272727275,-0.771590909090909,-0.03531313734772557,-0.027249239670096664,-0.06339154394653064,0.053712250703737134,-0.04809654080487413
-0.32272727272727275,-0.771590909090909,-0.07855064492699582,-0.051785274418132556,-0.06631252651764201,-0.02205528594737062,-0.06485139089305755
0.6772727272727272,-0.771590909090909,-0.05230853628484438,0.23605699782020195,0.27630471698020764,0.06038505328081951,0.3848840588423922
-0.32272727272727275,-0.771590909090909,-0.04794822669394664,-0.05359620262095651,-0.03461285957432632,0.07578509272595789,-0.06556175734416475
-0.32272727272727275,-0.771590909090909,0.15627298099589176,0.02947502268302072,0.09716549066334035,-0.043388531624840875,-0.06169148495537384
-0.32272727272727275,-0.771590909090909,-0.014456768977357844,0.16578481394971734,-0.03452663130654444,0.02652797616557396,-0.0326889374343078
-0.32272727272727275,-0.771590909090909,0.17489123544536925,-0.07226374071172077,-0.06958920069335367,0.002795151236246499,-0.06786432446154668
-0.32272727272727275,-0.771590909090909,-0.008099098755864818,-0.010733029820281159,-0.02912658603670385,-0.0430433866639573,-0.06098111850426665
-0.32272727272727275,-0.771590909090909,-0.03143433433741777,-0.05262946651268207,-0.06540712970593221,0.03175445700181089,0.017428640461047872
-0.32272727272727275,-0.771590909090909,0.3930761339723158,-0.016792150498902675,-0.06280950313900291,0.055059959598615836,-0.052701675039638
-0.32272727272727275,-0.771590909090909,0.36741361658457816,-0.011400213895005775,-0.006631786679104446,-0.000985007859144994,-0.04689626645645164
-0.32272727272727275,-0.771590909090909,-0.025032080173277522,-0.012407798007855197,-0.06245381153440263,-0.045114256429258724,-0.05147690529634974
-0.32272727272727275,-0.771590909090909,-0.03693599286008424,-0.06380820376470064,-0.07391139261592068,0.06156840743242032,-0.06938303894322413
-0.32272727272727275,-0.771590909090909,0.10037363370481214,-0.06024081136515269,-0.06762750760131576,-0.03434902074455687,-0.06007478889423334
-0.32272727272727275,-0.771590909090909,-0.0878062714205579,-0.06374012375707568,-0.013659390503328123,0.020578334458914306,0.00030635944987797106
0.6772727272727272,-0.771590909090909,-0.0974364030323566,0.05286731330295727,0.08077134125130934,-0.04948609260045063,0.0758991480056295
-0.32272727272727275,-0.771590909090909,-0.05431481370396911,0.24142170242104888,0.06195202180791281,0.11641358526425255,-0.050252135553061475
0.6772727272727272,-0.771590909090909,-0.10190371408560765,0.054011057431056615,0.15338632125712975,-0.013985468052426172,0.04900320444301926
-0.32272727272727275,-0.771590909090909,0.07929434562120834,-0.062283211593901516,-0.057937606009326376,0.01484235391851591,-0.052530207275577646
0.6772727272727272,-0.771590909090909,-0.0008229993158391373,0.030727694823320002,0.1282184455982919,-0.032919134478039215,0.08555033358274099
-0.32272727272727275,-0.771590909090909,0.028691570716617973,-0.07540903706399397,-0.0734371371431203,-0.009137003125728387,-0.0624263468013468
-0.32272727272727275,-0.771590909090909,-0.06491687526547711,-0.06487025188365003,-0.07519403809917623,0.03990645226839429,-0.06575772050309087
-0.32272727272727275,-0.771590909090909,-0.08843044661761892,-0.010746645821806152,-0.06885626041720765,-0.03208092528732197,-0.06698249024637913
-0.32272727272727275,-0.771590909090909,-0.10242088782031536,0.034404015235067885,-0.011665361810872018,-0.04179429061504533,-0.06830524156913045
-0.32272727272727275,0.228409090909091,0.2212852861640624,-0.03746124081384079,-0.06961075776029914,0.028434491187597496,-0.06543928036983593
-0.32272727272727275,0.228409090909091,-0.09903250817912694,-0.05573391486038028,-0.06585982811178712,-0.038260663634570674,-0.05199130858853081
-0.32272727272727275,0.228409090909091,-0.10094070092442779,-0.057000203002204555,-0.08329949527067347,-0.03632127766389156,-0.06823175538453316
-0.32272727272727275,0.228409090909091,0.14178319963554653,-0.0278755757402463,-0.010641401130962127,0.023125832979721615,-0.05581259018759018
-0.32272727272727275,0.228409090909091,-0.026209096259164028,-0.06763430019322345,-0.07834136987321505,0.22758313361741803,-0.05537167308000641
-0.32272727272727275,0.228409090909091,-0.002740108849669433,-0.04737368992403509,-0.05829329761392665,0.045576690911481525,-0.06387157509842695
0.6772727272727272,0.228409090909091,0.047791331746685387,0.005497243997509508,0.018783995249606333,-0.029237588228614456,0.018090016122423534
-0.32272727272727275,0.228409090909091,-0.07699020693434326,-0.03965341705936453,-0.05950049336287305,-0.03443119811619581,-0.06649258234906383
0.6772727272727272,0.228409090909091,0.0021195408988771303,0.0178605733822024,-0.01849895203258645,-0.03252468309417228,-0.013558034044145153
-0.32272727272727275,0.228409090909091,0.3304802784956243,-0.024934519410847993,-0.039872783909021346,0.04763112520245517,-0.045083607236385013
-0.32272727272727275,0.228409090909091,0.12275477291371467,-0.02972735194764524,-0.06400592035447658,0.11884603546476534,-0.06289175930379634
-0.32272727272727275,0.228409090909091,0.5078173687691914,-0.018861782730701486,0.0502034203226309,0.09236848632269709,-0.05218727174745693
-0.32272727272727275,0.228409090909091,0.2519322883397588,-0.07020772448144696,-0.04690038773324502,-0.03336289228488952,-0.05990332113017298
-0.32272727272727275,0.228409090909091,-0.0432579959274595,-0.048326810030784546,-0.0723161696619558,-0.02387962359775521,-0.04055195918621844
-0.32272727272727275,0.228409090909091,0.029904253956622252,-0.05030113025190841,-0.05522141557419698,0.08701052169183784,-0.061128090873461244
-0.32272727272727275,0.228409090909091,0.037982864364297826,-0.0708340605515966,-0.07173412885442808,-0.036551374304480605,-0.05968286257638109
-0.32272727272727275,0.228409090909091,0.2745095968963091,-0.07502778902129419,-0.08062641896943502,-0.02767621816747449,-0.06979946065594214
-0.32272727272727275,0.228409090909091,-0.08285745378671691,-0.04951140216345886,-0.05722622280012582,-0.04223804842189564,-0.04694525724618317
-0.32272727272727275,0.228409090909091,-0.053307216600142024,-0.03325389634261821,-0.05055431058050242,-0.009284922394678489,-0.06539028958010439
-0.32272727272727275,0.228409090909091,-0.08169827127788928,-0.03690298475131611,-0.03904283683162069,0.012590693935608802,-0.050374612527390304
0.6772727272727272,-0.271590909090909,-0.07137263016079402,0.07225649947454613,0.0486944256364479,-0.035663858690779995,0.07521327694938806
-0.32272727272727275,-0.271590909090909,0.08268272526239677,-0.05151295438763271,-0.015103713988674706,-0.03554881037048547,-0.050717548055511014
0.6772727272727272,-0.271590909090909,-0.03934352576303392,-0.0530924105645318,-0.029288264038794885,-0.04363506373975771,-0.016497481428036982
-0.32272727272727275,-0.271590909090909,0.06319062553703385,-0.06116669946885216,-0.04643691079391738,-0.0004426372063279537,-0.05319158293695331
0.6772727272727272,-0.271590909090909,-0.03486729792125341,-0.035364376578991996,-0.01040427339456194,-0.026575041387512623,0.020343592450073934
0.6772727272727272,-0.271590909090909,-0.0467444602424718,-0.01683299850347765,0.02170497782071771,-0.035137923512290746,0.04057678860919602
-0.32272727272727275,-0.271590909090909,-0.1030450630173764,-0.06695350011697383,-0.063499329281258,-0.04614969131190944,-0.0634796487805747
0.6772727272727272,-0.271590909090909,0.039659220607833154,0.006082732063084171,-0.01715163534849449,-0.03694582568834755,-0.0053765721589795635
0.6772727272727272,-0.271590909090909,-0.059896723323400576,0.10238871084935379,0.134168196075242,-0.02075688347547528,0.14380038257353073
0.6772727272727272,-0.271590909090909,-0.08127026542847601,-0.006729925371933461,0.019764841795625283,-0.04450614387913053,0.0821699690912654
0.6772727272727272,-0.271590909090909,-0.08382938373642622,-0.028706151833270827,0.06335323115936844,-0.042402403165173526,0.17606081761174355
0.6772727272727272,-0.271590909090909,-0.10556851417120883,0.02265340591899964,0.18131350148498793,-0.04034796887419989,0.21804592441166518
0.6772727272727272,-0.271590909090909,-0.10483733751179448,0.09725547827443175,0.009708470065562875,-0.03735671254654227,0.025169185238629686
0.6772727272727272,-0.271590909090909,-0.04933032891601034,0.09627512616463231,0.1467898587718155,-0.02024738377131382,0.11455288110380704
-0.32272727272727275,-0.271590909090909,0.047497077725213756,-0.046597577837110535,-0.05507051610557868,-0.03160429653181609,-0.06198542969376303
-0.32272727272727275,-0.271590909090909,-0.0447025156692293,-0.06503364390194993,-0.05329205808257729,-0.043651499214085496,-0.06428799681114496
0.6772727272727272,-0.271590909090909,-0.09881850525442029,0.20231654604127133,0.0605292553895117,-0.02641068664423473,0.09711215995938219
-0.32272727272727275,-0.271590909090909,-0.044283426608345465,-0.058606891182153634,-0.05978073523316418,0.15608882029153542,-0.06325919022678282
-0.32272727272727275,-0.271590909090909,0.15724491094560109,-0.04712860189658523,0.0035431489191580547,-0.0004262017320001646,-0.06149552179644772
0.6772727272727272,-0.271590909090909,-0.087948940037029,-0.02803896775854621,0.1209429355041953,-0.02954986224084245,0.34877784681025426
-0.32272727272727275,-0.271590909090909,-0.01976225815237657,-0.06632716404682419,-0.05978073523316418,0.022599897801232366,-0.06610065603121158
-0.32272727272727275,-0.271590909090909,-0.012334573307350355,-0.054481242720081,-0.003279662769083643,-0.026114848106334528,-0.049590759891685814
0.6772727272727272,-0.271590909090909,-0.09381618688940264,0.12507296938999074,0.042820124893806946,-0.039608372529449376,0.02472826813104591
-0.32272727272727275,-0.271590909090909,-0.043454165275107245,-0.060199963360577716,-0.06197955606160226,-0.006458020810298764,-0.06855019551778811
-0.32272727272727275,-0.271590909090909,-0.09646447308264729,-0.03687575274826613,-0.01980315458278747,-0.034414762641868026,-0.05047259410685336
-0.32272727272727275,-0.271590909090909,-0.0017860124770190068,-0.04198175332013819,-0.04735308613909992,-0.01562901548520508,-0.053289564516416366
0.6772727272727272,-0.271590909090909,-0.01998517786561265,0.2624448087756368,0.10448411489132788,-0.03194944149269966,0.23335554620276844
-0.32272727272727275,-0.271590909090909,-0.09118573427321688,-0.028597223821070886,-0.06112805191725614,-0.042040822729962166,-0.06384707970356118
-0.32272727272727275,-0.271590909090909,-0.025370918137396364,-0.0530924105645318,-0.03001042578146818,-0.005882779208826146,-0.06499836326225215
-0.32272727272727275,-0.271590909090909,0.03460340151163884,-0.06921375637012253,-0.04997226977297469,0.010371904901357275,-0.034575082838971725
-0.32272727272727275,-0.271590909090909,0.012124177628912441,-0.06606846001784934,0.03925243031433143,-0.03545019752451874,-0.02945554531202679
-0.32272727272727275,-0.271590909090909,0.12462729850489775,-0.030081367987295035,-0.059144801758272775,-0.011553017851913386,-0.0671539580104395
-0.32272727272727275,-0.271590909090909,0.18472645319334513,0.14960900413802664,0.06116518886440311,0.949922230323749,-0.03942517102239324
-0.32272727272727275,-0.271590909090909,-0.06764541255548674,-0.057000203002204555,-0.07027902683560876,0.007002632664160509,-0.06110359547859548
-0.32272727272727275,-0.271590909090909,-0.10217121774149096,-0.06668118008647399,-0.06776762853646133,-0.04368437016274108,-0.06842771854345928
-0.32272727272727275,-0.271590909090909,0.043983863044613124,-0.048844218088734244,-0.049174658295992255,0.07851338146437088,-0.06543928036983593
-0.32272727272727275,-0.271590909090909,-0.06141257737340593,-0.058688587191303584,-0.03630508932954583,0.03377602034412895,-0.05853157901769013
-0.32272727272727275,-0.271590909090909,-0.019708757421199912,-0.054603786733805934,-0.03063558072288685,0.008185986815761324,-0.06612515142607735
0.6772727272727272,-0.271590909090909,-0.006930999458507754,0.12369775323596655,0.2035819516396599,-0.030207281213954013,0.16471944978889425
-0.32272727272727275,-0.271590909090909,0.09202751964125327,-0.035132904553067126,-0.07010657030004498,-0.01419912921868743,-0.0662231330055404
0.6772727272727272,-0.271590909090909,-0.030631823369767875,-0.01111427786298094,0.6396706374130735,-0.04833560939750539,0.8627402218837404
0.6772727272727272,-0.271590909090909,0.04300301630637437,-0.06628631604224922,-0.05613759091937951,0.13948899122046846,-0.062450842196212566
0.6772727272727272,-0.271590909090909,0.1344803498299325,0.013898316938429677,0.030597267935724662,-0.028054234077013643,0.030117255001514263
-0.32272727272727275,-0.271590909090909,0.017563418631872815,-0.05834818715317878,-0.07136765871635506,-0.03980559822138285,-0.0670069856412449
-0.32272727272727275,-0.271590909090909,-0.023623227585625493,-0.0605812114032775,-0.05756035733778063,0.08378916872359118,-0.059756348760978385
-0.32272727272727275,-0.271590909090909,-0.10697736675886085,-0.07438783694961956,-0.010027024723016191,0.20592117845339197,-0.07021588236866014
-0.32272727272727275,-0.271590909090909,-0.08366888154289624,-0.06274615564575126,-0.028231967758466786,0.10702892942308496,-0.05654745203356314
0.6772727272727272,0.228409090909091,-0.10360682069473132,-0.024117559319348465,0.018525310446260677,-0.044111692495263595,0.10752270277733242
0.6772727272727272,0.228409090909091,-0.08631716773614088,-0.00045294866891207043,0.03542605093151025,-0.037882647725031526,0.05586191500543353
-0.32272727272727275,0.228409090909091,-0.10473033604944117,-0.0005210286765370314,-0.021861854476079988,-0.044752675994047364,0.04197302611654464
0.6772727272727272,0.228409090909091,-0.09194366129821957,0.01589986916260353,0.1979447786334191,-0.026558605913184832,0.30833594988687585
-0.32272727272727275,0.228409090909091,-0.07987032962935342,-0.06296401167015113,-0.0667005537226605,-0.013771806886164913,-0.06526781260577556
-0.32272727272727275,0.228409090909091,-0.09632180446617619,-0.04349312948941232,0.004135968260158518,-0.04388159585467454,0.02355248917748918
0.6772727272727272,0.228409090909091,-0.08229569610936198,0.015559469124478722,0.08180608046469197,-0.006227924169709717,0.09108629282240394
0.6772727272727272,0.228409090909091,0.13713755281170661,0.018895389498101805,0.04699141734775566,-0.004321409147686181,0.042609906383054535
-0.32272727272727275,0.228409090909091,-0.07643736604551778,-0.046515881827960584,-0.06384424235238553,-0.02844868546088058,-0.041580765770580584
0.6772727272727272,0.228409090909091,-0.053672804929849195,0.12042991286996842,0.13548317715891575,-0.017535530507228617,0.22870142117827305
-0.32272727272727275,0.228409090909091,-0.07560810471227955,-0.06395797978147555,-0.06417837689004034,-0.02097054464173654,-0.06634560997986924
0.6772727272727272,0.228409090909091,-0.09621480300382287,0.05783715385957941,0.15459351700607615,-0.02187449572976494,0.23898948702189443
-0.32272727272727275,0.228409090909091,-0.1015827096985477,-0.06386266777080062,-0.06917961642138971,-0.03684721284238081,-0.06837872775372775
0.6772727272727272,0.228409090909091,-0.10596085286650433,0.0063686680951090075,0.1428341369873215,-0.04674136838770985,0.14208570493292716
-0.32272727272727275,0.228409090909091,0.0181786770404044,0.02174113381682517,-0.058239404946562975,0.05446828252281543,-0.03793095193558156
-0.32272727272727275,0.228409090909091,-0.10530992730385497,-0.06902313234877264,-0.06401669888794931,-0.04646196532413743,-0.06607616063634582
-0.32272727272727275,0.228409090909091,0.09528214745450006,-0.077097421253093,-0.08335338793803715,0.0013981359183844254,-0.07036285473785474
0.6772727272727272,0.228409090909091,-0.10667419594885978,-0.061561563513076935,0.15435638926967596,-0.04823699655153866,0.09468711586767142
-0.32272727272727275,0.228409090909091,-0.10023627463060177,0.17520708700501192,-0.06781074267035228,0.04999783350565679,-0.057453781643596456
-0.32272727272727275,0.228409090909091,-0.09990635345501238,0.0011128915064620292,-0.06297118114109394,-0.04490059526299747,-0.06490038168278908
-0.32272727272727275,0.228409090909091,0.06906678917793695,-0.03981680907766444,-0.06408137008878573,-0.007739987807866314,-0.05911946849446849
-0.32272727272727275,0.228409090909091,-0.06479204022606491,-0.07065705253177171,-0.0763904553146499,-0.03066747449513211,-0.06668854550798994
-0.32272727272727275,0.228409090909091,-0.08809160865350009,-0.05712274701592949,-0.059263365626472865,-0.04128479091088387,-0.06619863761067464
-0.32272727272727275,0.228409090909091,-0.06574613659871534,-0.06534681193702475,-0.037867976683092504,-0.04734948093783804,-0.03788196114585003
-0.32272727272727275,0.228409090909091,-0.08368671511995512,-0.06703519612612378,-0.06927662322264433,-0.032360328350894384,-0.05799268033064329
0.6772727272727272,0.228409090909091,-0.06516654534430152,0.0045168918877100716,0.0007946228836104513,-0.02387962359775521,0.04001339452728342
-0.32272727272727275,0.228409090909091,-0.02175070199444241,-0.04873529007653431,-0.06776762853646133,-0.03120984514794915,-0.06514533563144674
-0.32272727272727275,0.228409090909091,-0.07600044340757506,-0.06674926009409896,-0.07994737136065268,-0.026542170438857045,-0.06441047378547378
-0.32272727272727275,0.228409090909091,0.09215235468066549,-0.06263722763355131,-0.05976995669969144,-0.016861676059789266,-0.06810927841020434
-0.32272727272727275,0.228409090909091,-0.05162194356807725,-0.07433337294351959,-0.07834136987321505,-0.03259042499148343,-0.06957900210215025
0.6772727272727272,0.228409090909091,0.24680513493532893,-0.025220455442872828,-0.03229547487768815,-0.02807066955134143,-0.0577722217768514
-0.32272727272727275,0.228409090909091,0.07226791626000706,-0.053228570579781725,-0.06480353183145901,0.08369055587762445,-0.053044610567758714
-0.32272727272727275,0.228409090909091,-0.07237131047609166,-0.02716754366094671,-0.06801553480633425,-0.03609118102330251,-0.06085864152993782
0.6772727272727272,0.228409090909091,0.027425386745437035,0.006273356084434062,-0.0059635176037948325,-0.02576970314545096,-0.02365013672884043
-0.32272727272727275,0.228409090909091,-0.05048951142483796,-0.04820426601705961,-0.0677245144025704,-0.025966928837384426,-0.06296524548839363
-0.32272727272727275,0.228409090909091,-0.05492115532397125,-0.0591787632462033,-0.07317845233977466,-0.04067667836075567,-0.05892350533554237
0.6772727272727272,0.228409090909091,-0.07904106829611521,0.03858412770324048,0.060734047525493676,0.04222385414861255,0.04371219915201397
-0.32272727272727275,0.228409090909091,0.23890486029824223,-0.03597709664761664,-0.05716155159928941,-0.033494376079511834,-0.06823175538453316
-0.32272727272727275,0.228409090909091,-0.07824747411699476,-0.03407085643411774,-0.06520233756995024,-0.04585385277400924,-0.0689176264407746
0.6772727272727272,0.228409090909091,-0.07090895715726298,-0.008608933582382381,0.026296633080103115,-0.04835204487183318,-0.050668557265779485
-0.32272727272727275,0.228409090909091,0.14495757635202833,-0.06606846001784934,-0.06257237540260273,0.013297419331703733,-0.05588607637218748
-0.32272727272727275,0.228409090909091,0.051447215043757114,-0.016410902456202893,-0.06827421960967991,0.11266629711751663,-0.06455744615466838
-0.32272727272727275,0.228409090909091,0.20021491486898804,0.02231300588087484,0.005580291745505102,-0.008742551741861448,-0.028671692676322302
-0.32272727272727275,0.228409090909091,-0.09076664521233306,-0.06034973937735263,-0.04851716775415538,0.015351853622677372,-0.06085864152993782
-0.32272727272727275,0.228409090909091,-0.0117460652644071,0.21869659587583692,0.08028630724503624,0.009254292647067616,-0.06367561193950083
-0.32272727272727275,0.228409090909091,-0.0032572825843771407,-0.06636801205139917,-0.06830655521009812,-0.008035826345766517,-0.0658801974774197
-0.32272727272727275,0.228409090909091,-0.09625047015794065,-0.029632039936970292,-0.054908838103487644,-0.018521658966895962,-0.06193643890403149
-0.32272727272727275,0.228409090909091,0.07951726533444442,-0.052833706535556954,-0.06874847508248028,-0.01827512685197913,-0.06492487707765485
-0.32272727272727275,0.228409090909091,-0.019753341363847127,-0.0673755961642486,-0.0730706670050473,-0.022926366086743442,-0.06568423431849357
-0.32272727272727275,0.228409090909091,-0.02332005677562442,-0.05808948312420393,-0.07037603363686337,-0.0008699595388504703,-0.06502285865711792
-0.32272727272727275,0.228409090909091,-0.07711504197375546,-0.0628414676564262,-0.07138921578330053,0.03993932321704986,-0.06296524548839363
-0.32272727272727275,0.228409090909091,-0.08340137788701295,-0.04132818524693857,-0.060772360312655864,-0.03558168131914105,-0.06825625077939892
-0.32272727272727275,0.228409090909091,-0.1023852206661976,-0.022007079082974678,-0.04690038773324502,-0.039657678952432746,-0.06759487511802327
-0.32272727272727275,0.228409090909091,0.10371742940335336,0.01271372480575536,-0.04429198263284298,0.09118513217109628,-0.06115258626832701
-0.32272727272727275,0.228409090909091,0.00335897450446974,-0.06714412413832373,-0.051168686988448356,-0.027511863424196602,-0.0669334994566476
-0.32272727272727275,0.228409090909091,-0.02138511366473524,-0.061003307450552255,-0.07208982045902836,-0.002480636022973802,-0.04998268620953806
0.6772727272727272,0.228409090909091,-0.06674481691401297,0.08434750882873918,0.015022287067621575,-0.007033262411771383,0.012162130564908346
-0.32272727272727275,0.228409090909091,-0.004148961437321464,-0.05623770691680499,-0.07031136243602695,0.061897116918976106,-0.06901560802023765
-0.32272727272727275,0.228409090909091,-0.0049782227705596855,-0.06487025188365003,-0.07943000175396137,0.03809855009233749,-0.06877065407157999
-0.32272727272727275,0.228409090909091,-0.021295945779440807,-0.07106553257752146,-0.07562517943808565,-0.024175462135655416,-0.059094973099602724
-0.32272727272727275,0.228409090909091,-0.06736007532254457,-0.06658586807579904,-0.07235928379584675,0.008284599661728058,-0.06683551787718454
-0.32272727272727275,0.228409090909091,0.1352382768549352,-0.04078354518593888,-0.06276638900511197,0.1668376205019095,-0.06832973696399622
-0.32272727272727275,0.228409090909091,0.12963853365844485,-0.014205110209154163,-0.03082959432539609,-0.04687285218233216,-0.07033835934298897
-0.32272727272727275,0.228409090909091,0.1213191699604743,0.07093574732662188,-0.036078740126618374,-0.04840135129481655,-0.05510222373648299
-0.32272727272727275,0.228409090909091,0.05414900196817841,-0.016111350422653065,-0.04858183895499179,0.020578334458914306,-0.0481945223843372
-0.32272727272727275,0.228409090909091,-0.04562094488776195,-0.06467962786230014,-0.07312455967241098,-0.016483660150250115,-0.05605754413624784
-0.32272727272727275,0.228409090909091,0.11650410415457496,-0.010705797817231175,-0.03153019900112391,0.11067760472385416,-0.043834342098230984
0.6772727272727272,0.228409090909091,-0.04135871997068809,0.09596195812955749,0.11567223263602754,-0.0035818128029356717,0.12251388443518074
0.6772727272727272,0.228409090909091,-0.03337819423683639,-0.02609187954047233,-0.01664504427527591,-0.023435865790904904,-0.003710885308107528
-0.32272727272727275,0.228409090909091,-0.029356722610057492,-0.0294414159156204,-0.01995405405140577,-0.011881727338469168,-0.018579589991627028
-0.32272727272727275,0.228409090909091,-0.047859058808652204,-0.05038282626105836,-0.03652065999900054,-0.027659782693146704,-0.025021878841323283
-0.32272727272727275,0.228409090909091,-0.08804702471085286,-0.0341389364417427,-0.05033873991104771,-0.025260203441289496,-0.06482689549819179
-0.32272727272727275,0.228409090909091,-0.1061391886370932,-0.029836279959845176,0.047950706826829136,-0.04887798005032243,0.002168009459676129
-0.32272727272727275,0.228409090909091,-0.06257175988223354,-0.012761814047504993,-0.014209095710437642,0.2431475278058343,-0.048243513174068726
-0.32272727272727275,0.228409090909091,-0.05377980639220251,-0.05182612242270753,-0.048872859358755655,0.04284840217306853,-0.04278104011900308
0.6772727272727272,0.228409090909091,-0.037078661476555336,0.003400379762660714,0.006474910023742165,-0.022696269446154396,0.016130384533162314
0.6772727272727272,0.228409090909091,-0.06786833226872283,0.0700370912259724,0.03186913488550747,-0.036551374304480605,0.09422170336522188
-0.32272727272727275,0.228409090909091,-0.0618405832228192,-0.004047573071510003,0.03345357930599962,-0.04450614387913053,0.014783137815545225
0.6772727272727272,0.228409090909091,-0.10111903669501665,0.036732351495841545,0.11501474209419066,-0.048302738448849816,0.09451564810361107
-0.32272727272727275,0.228409090909091,-0.027992453965052677,-0.02741263168839657,-0.061742428325202076,-0.04008500128495526,-0.03188058940373755
-0.32272727272727275,0.228409090909091,-0.06727090743725013,-0.0072201014268331795,0.05686455400878156,-0.050077769676251035,0.09642628890314076
0.6772727272727272,0.228409090909091,0.045143045553440744,-0.0129252060658049,0.01187495529358275,-0.0335436825024952,0.013068460174941659
-0.32272727272727275,0.228409090909091,0.12839910005285224,-0.06017273135752773,-0.0407350665868402,-0.03684721284238081,-0.04736167895890118
0.6772727272727272,0.228409090909091,0.04961927339522125,-0.02873338383632081,-0.035507477852563384,-0.033083489221317104,-0.026418116348671902
0.6772727272727272,0.228409090909091,0.044402952105496954,-0.03965341705936453,0.04613991320340954,-0.03612405197195809,0.008120390412057081
-0.32272727272727275,0.228409090909091,-0.006752663687918889,-0.0461346337852608,-0.057754370940289866,0.20176300344846135,-0.06793781064614397
-0.32272727272727275,0.228409090909091,0.01010898342125827,0.04834680079665987,0.06860237696059074,0.0011351683291397998,0.053828797231575014
-0.32272727272727275,0.228409090909091,0.1695233287506444,0.1482882519901024,-0.027186450011611425,0.19739116727726944,-0.059829834945575686
-0.32272727272727275,0.228409090909091,-0.07983466247523564,0.002365563646761309,-0.03278050888396125,-0.014363483961965321,-0.04976222765574617
-0.32272727272727275,0.228409090909091,-0.03025731825153126,-0.05509396278870565,-0.047115958402699734,-0.049716189241039675,-0.06852570012292235
-0.32272727272727275,0.228409090909091,-0.07938882304876349,-0.02132627900672507,0.091959458996009,-0.04103825879596703,-0.0646799231289972
-0.32272727272727275,0.228409090909091,-0.030917160602710058,-0.003952261060835059,-0.03008587551577733,0.17116015025011805,-0.03685315456148789
-0.32272727272727275,0.228409090909091,0.08129170625180362,-0.06310017168540105,-0.03446196010570802,-0.0460675139402705,-0.03805342890991039
-0.32272727272727275,0.228409090909091,-0.08933104225909269,-0.03510567255001715,-0.06961075776029914,-0.02516159059532276,-0.0618629527194342
-0.32272727272727275,0.228409090909091,0.04218267176166559,-0.025520007476422656,0.00046048834595564467,-0.039181050196926866,-0.012504732064917248
-0.32272727272727275,0.228409090909091,0.15785125256560323,0.0851644689202387,0.08704444773244152,0.16539129876106407,-0.06612515142607735
-0.32272727272727275,0.228409090909091,0.24278366330855006,-0.05943746727517815,-0.07746830866192346,0.023635332683883077,-0.06830524156913045
0.6772727272727272,0.228409090909091,0.02256573699689047,0.1319626661616368,0.2402720795808522,-0.04330635425320193,0.29295284191117527
-0.32272727272727275,0.228409090909091,-0.015250363156478293,-0.05194866643643246,-0.061645421523947454,-0.03342863418220068,-0.06646808695419806
-0.32272727272727275,0.228409090909091,-0.08215302749289088,-0.055801994868005245,-0.05864898921852693,-0.04942035070313947,-0.0588990099406766
