"oz1","oz2","oz3","oz4","oz5","oz6"
8.2761285e-001,8.7405708e-001,-2.6961191e-001,1.0846588e+000,8.0706987e-001,-1.0512137e+000
-1.0503470e+000,-8.0902634e-001,-1.1895561e+000,9.5391135e-001,7.7879686e-001,1.2853751e+000
-8.9652777e-002,1.2904661e-001,-3.6010834e-001,-1.1081253e+000,6.6153827e-002,-1.1297532e-001
-8.0489609e-001,-6.4617232e-001,3.7349840e-002,-1.6909040e+000,4.1871564e-001,3.7543780e-002
-2.6135805e-001,-5.8302686e-001,2.4205949e-001,-1.4556858e+000,1.5975449e+000,4.7695799e-001
-6.3973473e-001,-1.8648556e-001,-1.2855165e+000,3.2240824e-001,-7.1758262e-001,1.0801723e+000
1.2048641e+000,1.0971915e+000,1.1784505e+000,9.5147072e-001,-3.3441786e-001,-7.2285192e-001
-1.3240630e+000,-1.4054586e+000,-4.5063093e-001,5.7176368e-001,9.3705051e-001,5.4444607e-001
-9.3333717e-001,-1.4228995e+000,1.1805825e+000,-1.1843819e+000,-1.4120296e+000,-3.0262985e-001
-5.1625476e-001,-4.0376751e-001,3.3387342e-001,-2.5089954e-002,1.5105938e+000,1.1111247e+000
-1.6709822e-001,3.2374291e-001,-9.8684543e-001,-2.8966886e-001,-8.9976489e-001,2.6816369e-001
1.5356911e-001,2.0297021e-001,2.2351476e-001,-3.4501581e-001,-1.6145782e+000,-3.9080893e-001
1.0629026e+000,1.1201627e+000,8.2085898e-001,-1.4430067e+000,-8.8513716e-001,-1.8692446e+000
-7.1691267e-001,-1.8393175e-001,-1.1803798e+000,1.2823247e+000,1.6470714e+000,2.0594571e+000
-1.7680386e-001,-1.1083933e+000,1.5000515e+000,-1.1856822e-001,-7.8562756e-001,5.8855351e-001
-6.7477749e-001,-1.5522728e+000,8.4349888e-001,-1.3652809e+000,-8.8742966e-001,-6.5806407e-001
4.2130417e-001,1.0417300e+000,-1.4668934e+000,-3.2069301e-001,-1.0593346e+000,-1.8646349e+000
9.8659144e-001,3.8896018e-001,1.6650451e+000,-3.5749390e-001,1.2429664e+000,-1.3067572e+000
-4.1940011e-001,-1.2426960e-001,-1.4247173e+000,6.4590249e-001,-1.1701611e+000,1.2811544e+000
9.6231102e-001,1.1069619e+000,2.8841886e-001,-5.0318828e-001,-8.8565758e-003,-1.3632064e+000
-9.9178186e-001,-9.0106017e-001,-3.4544126e-001,1.5957394e+000,1.6882597e+000,1.3284523e+000
2.3497502e-002,-6.4149319e-001,1.1042360e+000,6.8952055e-001,-7.5611413e-001,1.1582139e+000
1.3362549e+000,1.3183360e+000,-1.7760743e-001,5.2197994e-001,-5.3097627e-001,-1.3861962e-001
-1.1541483e+000,-1.2911407e+000,-2.7009926e-001,-1.2756036e+000,1.0072580e+000,-2.7012679e-001
-1.9206987e+000,-1.0788501e+000,-1.6868086e+000,4.5932443e-002,5.7648461e-001,5.2295978e-001
-1.3302427e-001,-1.0522886e+000,1.5266008e+000,1.0600078e+000,-1.1590536e+000,1.2226460e+000
6.8115543e-001,2.1070107e-001,1.6680550e+000,-8.1749669e-002,9.9512378e-001,-5.5825324e-001
-1.4193968e+000,-1.4700227e+000,-3.0339299e-001,1.4257954e+000,1.1283195e+000,3.3197661e-001
-6.9480228e-001,-1.4468510e+000,1.5302179e+000,1.3915770e+000,4.2720964e-003,7.9575564e-001
-1.7347209e+000,-1.4714117e+000,-7.0679059e-001,-6.1124448e-001,7.4854191e-001,-4.5613882e-001
-8.4214041e-001,-1.7329421e+000,1.1703083e+000,4.9099520e-001,7.3432694e-001,2.6081226e-001
-1.6360319e+000,-1.3683246e+000,-1.3332042e+000,-3.0898419e-001,1.4681841e+000,3.5002906e-001
9.1104089e-001,1.6105979e+000,-1.1062682e+000,-1.2741234e+000,-2.0391688e-001,-6.4305294e-001
-2.3255557e-002,9.8640001e-001,-1.5584658e+000,1.4071108e+000,8.4655802e-001,-4.5880591e-003
1.1054759e+000,5.5320964e-001,1.5938489e+000,1.7282500e+000,1.5089099e+000,-4.0322653e-001
-1.2067794e+000,-1.3516615e+000,-3.2485164e-001,1.0474004e+000,4.3013541e-001,3.8952501e-001
2.2166050e-001,4.1089644e-001,-2.1678183e-001,-2.4601275e-002,-1.4425950e+000,-1.0481087e+000
9.0026594e-001,6.3430585e-002,1.3564411e+000,6.8597788e-001,1.4397524e+000,-2.6057349e-001
-4.5483561e-001,1.0216435e-001,-1.0458372e+000,7.2806569e-002,1.6048372e+000,1.3059445e+000
-1.4431670e+000,-1.1475586e+000,-8.0911645e-001,-5.4140515e-001,-5.2781945e-001,-3.4526437e-001
8.4282030e-001,1.6563793e-001,1.4222162e+000,1.0764774e+000,-2.6611631e-001,-2.2074201e-001
1.1618131e+000,1.0938107e+000,-1.1099485e-001,-1.2900513e+000,1.1462397e+000,-1.3112285e+000
1.3791591e+000,1.1956577e+000,8.8956673e-001,2.2251897e-001,-6.4751668e-001,-3.3330570e-001
7.9381921e-001,1.6356914e+000,-1.6924368e+000,8.4766389e-001,-4.0094526e-001,3.4560958e-002
2.2613843e-001,9.6886416e-001,-7.4642661e-001,5.3684987e-001,-3.4220969e-002,-1.1616735e+000
1.7801609e-002,-7.5393805e-001,1.7062598e+000,-1.1497886e+000,1.3888286e+000,1.4379439e+000
-7.8549985e-001,-6.3266399e-001,-6.4964088e-002,1.0059164e+000,-1.0580343e+000,8.0621891e-001
-3.1901927e-002,7.5260609e-001,-9.3512762e-001,-1.1780856e+000,-8.7319835e-001,-1.2263915e+000
-1.6627436e-001,-3.7431287e-001,4.5199821e-001,1.7388453e+000,7.3148594e-002,1.5843151e+000
-3.8362801e-001,2.0296272e-001,-1.2231597e+000,3.8616198e-001,1.0648237e+000,1.1606343e+000
1.8471251e+000,1.4601005e+000,7.0389724e-001,9.0400244e-001,7.5107035e-001,1.7705685e+000
1.0743856e+000,1.4928113e+000,-7.1805397e-001,1.7554688e+000,1.3478723e+000,7.2144692e-001
-4.5364413e-001,-6.0297288e-001,8.8766082e-001,-1.5652877e+000,-1.4677001e+000,-2.1492849e-001
-1.4865806e+000,-1.5988110e+000,5.3951538e-001,8.8224893e-001,2.1542914e-002,-7.6058251e-002
1.9666973e+000,1.5051263e+000,1.0507532e+000,-1.4315463e+000,8.0033705e-002,4.8184467e-001
-3.8603354e-001,2.2440893e-001,-1.4788337e+000,-1.3962376e+000,-1.6722144e+000,8.8951443e-002
-1.4099443e-001,4.8393773e-001,-1.3136996e+000,-8.0109660e-001,-6.1149508e-001,-9.9523407e-002
-3.1792693e-001,-2.7391767e-001,-5.3220702e-001,-1.9806248e-002,-9.0310035e-001,6.0793785e-001
-1.3193700e+000,-1.1582088e+000,-1.0652064e+000,-1.3574974e+000,1.4950523e+000,-8.2512347e-002
-6.7129726e-002,-9.1186448e-001,1.5967265e+000,-1.4687185e+000,1.6341191e+000,1.2676425e+000
-3.9911051e-002,1.6253838e-001,1.6805911e-001,6.4405304e-001,1.1724583e-001,5.4957308e-001
1.8757007e-001,1.0440649e+000,-1.2138251e+000,1.4902683e+000,6.0705968e-001,-4.8444784e-001
2.3174885e-002,1.0898518e-001,-7.5685608e-001,-1.5774033e+000,-1.3691530e+000,-5.7320249e-001
-7.8161297e-001,-9.7557334e-001,3.6329447e-001,-9.1091794e-001,-5.8819059e-001,-2.4962085e-001
6.5744117e-001,1.3185625e+000,-8.4859211e-001,1.5318116e+000,-1.2879083e+000,-1.1801204e+000
-1.4616853e+000,-1.2587473e+000,-3.7526286e-001,5.1440326e-001,-1.9441732e-001,-1.5256858e-002
4.5382271e-001,1.0261565e+000,-1.0156022e+000,1.1218697e+000,-3.6798667e-001,-1.3359061e+000
1.1248751e+000,1.5333278e+000,-7.3432244e-001,-1.3279976e+000,9.5053755e-002,-7.1561435e-001
9.8223250e-001,1.4978464e-001,1.7079177e+000,-1.1150633e+000,4.5043325e-001,-9.9773363e-001
-2.1256568e-002,-8.3378760e-001,1.6583657e+000,6.2820184e-001,1.0724267e+000,1.8535954e+000
-3.7385196e-001,1.0531845e-001,-1.1675360e+000,-8.9763580e-001,-8.7229806e-002,3.3005948e-001
-9.3635588e-001,-7.8598005e-001,8.9371079e-001,1.4191049e+000,7.3139006e-005,9.6399294e-001
5.6221350e-001,-1.6350475e-002,1.6398197e+000,7.8107810e-002,-9.4692727e-001,1.0934312e-001
1.4799633e+000,1.0659469e+000,1.2810378e+000,-2.5252965e-002,6.5812503e-001,-8.6657692e-002
-2.4876210e-001,4.8885825e-001,-1.1435196e+000,1.6119230e+000,1.6150743e+000,1.2266968e+000
7.1026806e-001,8.9387933e-001,-9.3868219e-002,-8.2264267e-001,3.0184196e-001,-2.1762588e+000
-8.1646147e-001,-3.1995809e-001,-1.2056313e+000,1.6586038e+000,9.2410010e-002,1.8176187e+000
-1.6087125e-001,-3.0210760e-001,5.1486348e-002,1.2868901e+000,4.6430830e-001,1.3181528e+000
1.6640065e+000,1.2992508e+000,1.6195761e+000,-1.3652322e+000,8.2094505e-002,7.3784695e-001
5.8307616e-001,1.0028808e+000,-4.2917533e-001,-1.5589818e+000,8.0245919e-001,-2.4582178e+000
-3.5299555e-002,5.5162692e-001,-1.0172056e+000,-3.9864224e-001,1.5220191e+000,-5.5790972e-001
-6.7515116e-001,-6.1461902e-001,1.8441182e-002,1.1152606e+000,-1.3357443e+000,1.1054839e+000
1.0463815e-001,8.0533850e-001,-1.0848777e+000,-8.3970574e-001,-1.7570484e-001,-1.1153472e+000
6.8487298e-001,4.9534059e-001,-4.3699977e-002,-5.5696334e-001,1.7147764e+000,-1.4290799e+000
6.7717774e-001,1.4236685e+000,-1.2410543e+000,-7.8564074e-001,-1.6677094e+000,-1.6140708e+000
-7.8290031e-001,-8.7856462e-001,4.8794569e-002,-6.5811672e-001,7.9646409e-002,-1.0831258e-001
-7.6917069e-001,-3.0877048e-001,-7.9957126e-001,1.2179823e+000,-1.1678223e+000,1.3483860e+000
1.0889146e-001,-3.3240675e-001,6.5515330e-001,1.3223734e+000,1.0689522e+000,1.3600309e+000
3.3331420e-001,1.0025112e+000,-1.6126050e+000,8.6534128e-001,2.8511812e-001,-8.6087996e-001
2.1705963e-001,9.2511048e-001,-9.2366792e-001,1.1826229e+000,1.1050516e+000,-7.7264501e-001
1.9707493e+000,1.3557449e+000,1.2364395e+000,1.0143595e+000,-3.9288183e-001,1.6782518e+000
7.2975314e-004,7.2792457e-001,-1.0173086e+000,-3.4404439e-001,2.4707837e-001,-4.0176853e-001
1.7232114e+000,1.5520544e+000,1.1306009e+000,1.4561814e+000,5.1872117e-001,1.7465084e+000
9.6440194e-001,7.6395644e-001,3.5588570e-001,1.3160749e+000,5.8309840e-001,-1.2519164e+000
-1.1654059e+000,-1.6199294e+000,5.2390634e-001,-1.5694124e+000,1.2295098e+000,-5.8226051e-001
8.9853445e-001,8.2788581e-001,5.3780220e-001,-1.3603136e+000,6.5597397e-001,-2.3693250e+000
1.5100809e+000,1.0860700e+000,1.2578951e+000,1.1742764e+000,-1.0834636e+000,3.4852544e-001
2.7296079e-001,4.3677224e-001,-3.8289354e-001,-1.3023504e+000,-4.1349460e-003,-1.3605775e+000
-7.4549704e-001,-1.5306249e+000,7.8174310e-001,-9.0755338e-001,9.9120603e-001,-4.0567043e-001
7.9424661e-001,1.4613362e+000,-8.7241253e-001,1.3773083e+000,5.0052573e-001,-4.2619312e-001
-2.0719593e+000,-1.6314727e+000,-1.1311411e+000,-6.1881300e-003,-1.0367222e+000,-2.9374307e-001
-7.2009435e-001,-9.8909176e-001,5.8934340e-001,7.2945163e-002,7.3479819e-001,5.1796710e-001
7.8578479e-001,1.1063904e+000,-4.6325163e-001,4.0547241e-001,5.3075940e-001,-1.5115388e+000
-6.4647214e-001,-1.0915714e+000,7.2455901e-001,9.0864220e-001,5.9855371e-001,7.6804351e-001
-1.1862720e+000,-9.7722804e-001,-1.0241361e+000,1.5834405e+000,1.1574778e+000,1.0642285e+000
-1.9951936e+000,-1.7578704e+000,-9.9599553e-001,1.2336123e+000,1.0467939e-001,3.6439618e-001
8.2676799e-001,1.4143377e+000,-4.5149303e-001,-1.5938392e+000,-1.4967485e+000,-1.8939210e+000
1.1423256e+000,1.4473346e+000,1.6387778e-001,1.3780854e+000,-1.5583798e+000,7.0409217e-002
-3.0973676e-001,-1.0664365e+000,1.6959941e+000,-1.6235704e+000,-1.5475742e+000,6.0908897e-002
1.0293812e-001,1.0449124e+000,-1.2332396e+000,1.1501885e-001,1.1750030e+000,-1.0590827e+000
5.3037217e-001,8.6012506e-001,-2.7608905e-001,1.5993950e+000,9.3706219e-001,-1.0679222e+000
-2.1285319e+000,-1.7563199e+000,-1.5347824e+000,8.5332987e-001,1.2401104e+000,7.0810029e-001
2.2837206e+000,1.5695235e+000,1.6799152e+000,9.2820972e-001,-2.2369830e-001,1.1256128e+000
1.7737691e+000,1.6073600e+000,2.8641613e-001,-2.2391606e-001,-8.7308257e-002,7.0868631e-001
7.2582217e-002,-6.5652676e-001,1.2393080e+000,5.5606672e-001,9.8155007e-001,1.5822794e+000
1.2167776e+000,4.8837518e-001,1.4785501e+000,-1.0970774e+000,-1.0430731e+000,-2.1154457e+000
-1.5097698e+000,-8.0447488e-001,-1.7047553e+000,3.5168262e-001,-1.9439880e-001,9.2129876e-001
-5.8612840e-001,-6.2047426e-001,-1.6027610e-001,3.7580112e-001,6.4207042e-001,8.7723619e-001
-3.2873027e-001,1.6815743e-001,-1.1218318e+000,8.7470119e-001,-4.5268613e-001,9.6108046e-001
-3.3138417e-001,-1.2233735e+000,1.7035560e+000,-1.4887383e+000,1.0194309e+000,7.7511677e-001
3.2230031e-001,-3.4151326e-001,1.4243258e+000,-1.1854217e+000,-8.3941327e-001,3.4068964e-001
6.5319906e-002,5.5317916e-001,-3.8184594e-001,1.4824365e+000,-1.6402991e-001,-2.1970493e-001
7.6097172e-001,5.8059456e-002,1.4879666e+000,1.5230165e+000,7.0853761e-001,6.5760456e-001
-9.3918786e-001,-5.5223523e-001,-7.5418981e-001,-1.6237477e+000,-6.8231968e-001,1.1859062e-001
-3.1621054e-002,1.4398272e-001,-5.4462405e-001,1.1916309e+000,1.5083046e+000,9.7666163e-001
1.7586583e+000,1.6216199e+000,1.5253601e+000,-1.4124128e+000,3.6838793e-001,8.5712370e-001
-4.6666627e-001,-6.5605901e-002,-4.1463727e-001,1.5185916e+000,-7.1895587e-001,9.5980134e-001
1.4963250e-001,-6.3635090e-003,5.1611563e-001,4.2128072e-001,-1.5435705e+000,1.3002505e-001
-1.7389473e+000,-1.3298714e+000,-1.5413750e+000,7.2126596e-001,1.2168838e-001,5.5431550e-001
1.5675291e-001,3.0464212e-001,-1.3674046e+000,-1.4750922e-001,6.0735651e-001,1.5249464e-001
1.0019420e-001,7.8915588e-001,-9.6198163e-001,8.2025091e-001,1.4580665e-001,-8.0876399e-001
5.8556654e-001,4.1081481e-001,6.7677678e-001,-2.1291566e-001,5.7463448e-001,-1.0115218e+000
-5.5993920e-002,-5.7198896e-001,1.6533913e+000,-2.4143910e-001,-7.7580617e-001,1.0533757e+000
-1.3854144e+000,-1.3025461e+000,-1.0560830e+000,2.9936944e-001,-1.0642551e+000,7.6891971e-002
-1.8645214e+000,-1.5872092e+000,-1.4366767e+000,-1.3726668e+000,1.5376610e+000,-4.7281374e-001
-8.6705162e-001,-1.2098839e+000,7.9068642e-001,5.3555984e-001,-1.2374391e-001,5.0803777e-001
-1.9701683e+000,-1.6212023e+000,-1.4967516e+000,1.1765578e+000,1.0699063e-001,4.1398839e-001
-5.8851760e-001,-1.2123403e+000,1.2990282e+000,-1.1601131e+000,4.1457798e-001,1.3321328e-001
-8.0159038e-001,-8.1264277e-001,-9.2699515e-002,-3.1598400e-001,4.2728401e-001,4.9932458e-001
3.9113487e-001,1.3353923e+000,-1.3991365e+000,7.1242200e-001,1.2076015e+000,-8.2392059e-001
-4.5706951e-001,-7.0674281e-001,-3.9631115e-002,9.1257693e-001,-3.4025573e-001,9.7597009e-001
-1.1022530e+000,-7.8939010e-001,-6.5120255e-001,-6.9769239e-001,-1.6237820e+000,-6.9048124e-001
-1.5291588e+000,-1.5025986e+000,-4.6939677e-001,1.4977425e+000,-3.1568050e-001,1.6224371e-001
1.2421767e+000,5.5601454e-001,1.6391650e+000,-6.7710526e-001,-1.0023202e+000,-1.6740668e+000
-2.1129068e-002,3.4258120e-001,-9.8244997e-001,1.3762581e+000,4.3109212e-001,9.1275598e-001
-1.3641081e+000,-8.2515201e-001,-1.6588050e+000,-4.6927658e-001,7.7236074e-001,6.8307106e-001
5.0589603e-001,4.1003703e-001,-2.1219534e-002,-1.3768205e+000,-7.4073060e-001,-1.7731700e+000
7.2666654e-002,9.7302232e-001,-1.6950182e+000,1.3900620e+000,-1.4733470e+000,-2.6373970e-001
-2.7829579e-002,-3.7925986e-001,8.8426292e-001,-1.5298506e+000,1.3181743e+000,4.4750443e-001
-6.1704613e-001,-1.8168208e-002,-1.6735440e+000,-4.5233240e-001,9.7000949e-001,1.4609596e+000
-1.5053231e+000,-1.6666109e+000,1.0029560e-001,-8.3035271e-001,-1.4092777e-001,-7.8823116e-001
-8.4750242e-001,-1.3751888e+000,5.8696206e-001,4.0198505e-002,2.0332897e-002,-1.5702563e-001
7.6278209e-001,9.5934650e-001,-4.4206557e-001,8.7062944e-002,1.4782431e+000,-1.4822507e+000
1.3579825e-001,9.9466887e-001,-1.4857766e+000,-5.8743755e-001,1.6471986e+000,-7.2746364e-001
-1.5629737e-002,-3.7053467e-002,1.3858638e-001,1.4742643e+000,-8.9048325e-001,9.4280495e-001
1.8793653e+000,1.3799790e+000,1.1923118e+000,-5.4819449e-001,-4.0028693e-001,6.6581846e-001
-1.7198766e+000,-1.2298162e+000,-1.1670406e+000,-1.1849894e+000,2.3847013e-001,-5.0080677e-001
8.3792184e-001,6.3063176e-001,8.2822959e-001,5.6578962e-001,-1.1754241e+000,-1.6963742e+000
2.2855864e+000,1.5093274e+000,1.5981896e+000,1.4739716e+000,1.1181787e+000,1.7725976e+000
-7.8781988e-001,-6.9936505e-001,-1.7182512e-001,9.1032675e-001,1.4391673e+000,1.2545646e+000
-1.3561799e+000,-1.6622654e+000,-5.7218315e-001,-9.4694984e-001,-2.1154461e-001,-8.6146137e-001
-2.2508982e-001,-9.5107287e-001,1.0454320e+000,-1.1759835e+000,1.6052212e+000,7.3447702e-001
2.7349521e-001,1.0016747e+000,-1.1013010e+000,1.8161726e-002,5.0932854e-001,-1.3707381e+000
-1.0778465e+000,-1.6132921e+000,4.5368565e-001,-1.6282610e+000,7.2287037e-001,-9.3219869e-001
-4.1362876e-002,-3.3196466e-002,2.7462934e-001,-1.6009502e-001,1.4980482e+000,5.5230866e-001
1.6904952e+000,1.1944906e+000,1.0402065e+000,-1.4089745e+000,-1.6639011e+000,-7.2570395e-001
-5.4753096e-001,-4.3075734e-001,-3.2963844e-002,1.2183623e+000,1.7176946e+000,1.8058510e+000
-1.2952181e+000,-1.0881748e+000,-8.8679856e-001,4.5074693e-001,-8.9968247e-001,2.9892427e-001
1.9482433e-001,1.8688903e-001,6.8177212e-002,1.0524209e+000,2.8681263e-001,2.8148886e-001
3.8899987e-001,-1.7290658e-001,7.5982502e-001,-1.5511511e+000,1.4938570e+000,1.1166381e-001
-5.4597810e-001,-2.1345187e-001,-1.3651373e+000,-7.8467495e-001,9.6247636e-001,1.1242463e+000
-2.4576443e-001,-6.0916758e-002,-1.1997107e+000,-1.6665636e+000,1.1916887e+000,6.3394662e-001
2.1003402e-001,3.3664149e-001,-2.2066925e-002,1.6129988e+000,1.1520017e+000,3.0446522e-001
2.2440230e-002,-8.6384688e-001,1.4605585e+000,-1.0153703e+000,6.1439987e-001,6.9033951e-001
-1.9931834e+000,-1.5377310e+000,-8.9177207e-001,-1.7535668e-001,5.2755424e-001,-8.8825814e-002
7.3486973e-001,1.6176011e+000,-1.4093624e+000,1.3535748e+000,-1.4367798e+000,-2.6441433e-001
-4.6674288e-001,-9.8942703e-001,4.0599770e-001,-1.6880621e+000,1.1996069e-001,2.9978332e-002
1.6397419e+000,9.6396845e-001,1.4080353e+000,6.1569660e-001,9.8879612e-001,2.6958417e-001
-1.8264036e-001,-8.7609248e-001,9.6552563e-001,1.1583342e+000,2.5573770e-001,1.6433307e+000
1.9145158e+000,1.1634426e+000,1.5820884e+000,-7.8932625e-001,1.0341643e+000,1.0005262e+000
1.7373065e+000,1.3740564e+000,1.3174973e+000,-4.0160129e-001,-9.0709828e-001,7.2295217e-001
-9.2941886e-001,-1.6198979e+000,6.4902431e-001,-4.9322011e-002,1.5979828e-001,-1.0087982e-001
8.8556474e-001,2.3879497e-001,9.9076782e-001,7.0172710e-002,-1.3842725e+000,-9.6824768e-001
-1.9583411e+000,-1.5079404e+000,-1.5877136e+000,2.4092061e-001,-1.6084474e+000,-1.8107817e-001
-4.7857429e-001,-1.2593990e+000,1.3318116e+000,-9.0082155e-001,1.4215101e+000,3.7997329e-001
-3.7367898e-001,-6.6073378e-001,2.0434668e-001,-7.4027537e-001,4.0169957e-001,5.2460503e-001
1.0683050e+000,9.0576843e-001,5.5890507e-001,8.0776208e-001,-1.6141277e+000,-1.6248847e+000
4.9556256e-001,2.3330403e-001,1.1123458e+000,1.3351071e+000,3.7840456e-001,2.2998835e-001
1.3764882e+000,1.6138237e+000,2.5861460e-001,4.4555347e-001,5.2275299e-001,9.7996561e-001
7.6005903e-001,2.2998062e-001,1.1218722e+000,-7.7298013e-001,6.3448687e-001,-8.8847496e-001
2.8972779e-002,-1.3054299e-001,7.2382189e-002,4.6704313e-002,-1.6970099e+000,1.7338548e-001
-1.5295999e+000,-1.1900860e+000,-1.4641593e+000,5.2290223e-001,2.4097809e-002,5.9346447e-001
-6.0295734e-001,-1.0329405e+000,5.2876749e-001,-1.9248709e-001,-1.1748193e+000,-9.4061759e-002
1.0347086e+000,1.2265970e+000,-1.0739368e-001,-7.7225419e-002,-9.2337426e-001,-1.3589565e+000
4.9287212e-001,2.6720583e-001,-3.3198175e-001,-1.5189208e+000,3.1933898e-001,-1.2433786e+000
-7.3899924e-001,-7.7183682e-001,-6.9029117e-001,7.9514045e-001,-1.1545132e+000,5.8864202e-001
9.6730503e-001,1.7331974e+000,-1.3481455e+000,-1.0718433e+000,1.2547449e+000,3.1969133e-001
-1.3914899e+000,-1.4653503e+000,7.0687697e-002,-1.5852011e+000,-1.2620077e+000,-1.3656335e+000
-7.2543823e-001,-5.6738391e-001,2.9893532e-001,1.9905799e-001,-1.3409745e+000,6.4804016e-001
-2.0763937e+000,-1.6863751e+000,-1.1377616e+000,1.5194388e+000,1.4392378e+000,6.1901129e-001
6.1765118e-001,8.4572842e-001,-3.1830121e-001,9.1717765e-001,-2.0663616e-001,-1.5186159e+000
-7.6568551e-003,2.4688239e-001,-5.0954094e-001,-1.5147424e+000,-9.8039711e-001,-8.2996797e-001
1.0121244e+000,8.4799903e-001,1.0156722e+000,1.3219206e+000,6.0782917e-001,-8.7819581e-001
-1.4828676e+000,-1.4131487e+000,-3.2508326e-002,5.5016588e-001,1.4085766e+000,3.5214498e-001
1.0727210e+000,1.7312414e+000,-1.0315539e+000,7.6334933e-002,-5.6840273e-001,5.0243528e-001
-6.6651099e-001,-9.6931626e-001,7.6203918e-001,1.1752934e+000,-3.2334588e-001,8.4979799e-001
1.0596549e+000,5.3303565e-001,1.0985818e+000,2.9921588e-001,-7.2213769e-001,-1.6244309e+000
-5.9905370e-001,-7.7734773e-001,2.1347296e-001,6.6042482e-001,-1.6770954e+000,6.2369412e-001
-3.7467854e-001,2.1605818e-001,-1.2402877e+000,1.1501521e+000,1.5151094e+000,1.6648732e+000
-1.0191504e+000,-6.0870738e-001,-1.0782870e+000,-9.7466731e-001,-1.3677903e+000,1.8010171e-001
-4.7554164e-001,-7.5399286e-001,6.0054987e-001,-1.2762645e+000,-1.2803161e+000,1.0212988e-001
1.7289468e+000,1.2955895e+000,1.0136175e+000,1.6450301e+000,-3.6783051e-001,1.6078714e+000
-1.2999911e+000,-1.0925193e+000,-1.0026917e-001,-1.2568192e+000,1.3437507e+000,-6.8405366e-002
8.3434389e-001,6.0561335e-001,1.2217755e-001,-8.7270054e-001,-1.1174742e+000,-2.5500616e+000
1.1954185e-002,3.6894682e-001,-9.6222379e-001,-1.5236870e+000,-5.0970045e-001,-7.2499570e-001
-3.6918408e-001,-1.0401252e+000,1.2765279e+000,-9.1054994e-001,6.8369064e-001,7.4080726e-001
1.0996375e+000,1.0255491e+000,3.1708921e-001,-1.5470082e+000,-2.0782325e-002,-2.1027859e+000
8.2433019e-001,8.0450357e-001,3.9855440e-001,9.9531035e-001,-4.3751776e-001,-1.3593278e+000
5.6534810e-001,8.5567971e-001,-2.4918803e-001,9.8957060e-001,-2.8055181e-001,-1.5450585e+000
-5.5325014e-001,-1.0075018e+000,8.8099052e-001,-1.0625666e+000,6.6727912e-001,3.4048120e-001
-1.0942736e+000,-1.4402606e+000,6.7812103e-001,-4.2431207e-001,3.8614325e-001,-1.2771760e-001
1.5815313e-001,1.5147056e-001,1.3516646e-001,-1.3898887e+000,-1.2293620e+000,-9.1537006e-001
-1.8893995e+000,-1.6838909e+000,-9.3771144e-001,-8.8327156e-001,5.2200966e-001,-5.4273736e-001
-1.2728852e+000,-1.3327802e+000,-4.2446990e-001,1.3570499e+000,1.1436563e+000,8.4708773e-001
-1.2767819e+000,-1.1696360e+000,1.0358625e-004,-1.2902766e+000,-3.3167285e-001,-8.6857635e-001
-4.9826475e-001,-1.5918313e-002,-1.3179013e+000,-1.1340720e+000,-1.6482943e+000,4.2012196e-001
-2.5003318e-001,5.8777891e-001,-1.6019241e+000,-1.3826748e+000,-3.9322178e-001,-3.4937928e-001
-5.3593705e-001,-1.7971003e-001,-3.6627404e-001,5.6803050e-001,-5.9368469e-001,9.4810234e-001
-6.9206836e-001,-1.0118533e-001,-1.5601375e+000,7.5855390e-001,-4.5083581e-001,1.6921155e+000
-1.1552943e+000,-2.6492832e-001,-1.4831326e+000,1.4434637e-001,-5.5441633e-001,1.1083481e+000
-9.8548991e-002,7.3653835e-001,-1.4715738e+000,1.0802708e+000,1.2035995e+000,4.7956573e-001
1.9260396e+000,1.5069320e+000,1.4049321e+000,1.1407862e+000,5.2059670e-003,1.7366710e+000
1.0391799e+000,5.4867599e-001,9.1644164e-001,1.3186973e+000,-6.0900549e-001,-9.7127872e-001
-7.2677518e-002,4.6463794e-001,-3.0745917e-001,-1.1041140e-001,1.4887698e+000,1.7002654e-001
4.7771749e-001,1.4032539e+000,-7.9476278e-001,2.3951289e-001,6.3996511e-002,-1.4991385e+000
-1.5886941e-001,-6.7911277e-002,-5.2875397e-001,4.1457258e-001,3.8266828e-001,9.4219079e-001
7.0893750e-001,1.2646623e+000,-3.9694077e-001,1.5300323e+000,-1.3750501e-001,-1.0359877e+000
-1.0262392e+000,-1.3741190e+000,6.6096632e-001,-9.5516035e-001,4.3213068e-001,-3.2518153e-001
1.3404066e+000,1.4106932e+000,-4.0111719e-001,-5.6420389e-001,-1.2165163e+000,-4.8283971e-001
-3.4884181e-001,-5.4627082e-001,6.6054633e-001,-5.1486967e-001,1.3856283e+000,8.1782032e-001
-3.8554616e-001,-2.1472072e-001,-6.2929174e-001,6.5569089e-001,-1.0446255e+000,7.8721368e-001
1.7292791e+000,1.6458959e+000,6.2740211e-001,5.2403743e-001,-9.7922504e-001,7.1185324e-001
2.0521831e-001,-1.0352012e-001,9.0379805e-001,1.5572793e+000,7.3410367e-001,1.2462491e+000
-3.2929775e-001,7.1366587e-002,-8.9298711e-001,1.1258257e+000,6.3627150e-001,1.5735039e+000
1.6513868e+000,1.2673158e+000,1.2878730e+000,9.9421558e-001,2.8881983e-001,1.3607487e+000
7.3045066e-002,-5.8410010e-001,1.2249968e+000,5.4079693e-001,-8.3622844e-001,1.2418458e+000
-7.9521343e-001,-3.5263839e-001,-8.5953090e-001,-4.8343389e-001,-1.5523025e+000,2.3003589e-001
1.2862367e-001,-1.0063912e-001,1.1172053e+000,-4.7253361e-001,-1.3968155e+000,1.9213993e-001
6.5989329e-001,1.4029059e-001,1.1389492e+000,8.6429629e-001,-1.3360502e+000,-2.8926364e-001
-1.8875883e+000,-1.5342289e+000,-7.7787658e-001,1.0703084e-001,-1.6020547e+000,-6.6226846e-001
9.9972025e-001,1.6979447e+000,-1.4054634e+000,4.9798280e-001,-2.9431222e-001,4.3444030e-001
-2.0460584e+000,-1.5001450e+000,-9.6159951e-001,-6.0688035e-001,-5.5961187e-001,-6.2103040e-001
-2.0740745e+000,-1.6954955e+000,-1.1048865e+000,8.8134625e-002,-9.0260406e-001,-3.2826315e-001
1.5037137e+000,1.6610113e+000,3.2721932e-001,2.7027162e-001,8.6957514e-001,1.0949909e+000
4.8306528e-001,6.0375417e-001,-9.3086338e-002,-1.0152691e+000,-9.7691637e-001,-2.2948133e+000
-2.1662347e-001,-5.0349916e-002,-8.9264948e-001,4.5809759e-001,6.9525126e-001,1.3183700e+000
2.1582879e-001,-1.8052290e-001,5.6284289e-001,-1.5291700e+000,-5.8144213e-001,-2.2850932e-001
8.9715561e-001,3.4298231e-001,1.3202202e+000,8.9581372e-001,8.7695359e-001,-6.8784917e-001
1.4350211e+000,1.1959579e+000,1.1009177e+000,7.0063053e-001,6.6567301e-001,3.5323644e-001
-1.2013566e-001,-8.2302749e-001,1.4679523e+000,7.1186837e-001,7.3389414e-001,1.6695242e+000
-1.8379412e+000,-1.6467555e+000,-8.8472399e-001,-6.1266753e-001,-1.3035976e+000,-8.6696601e-001
8.3632981e-001,6.9488068e-001,6.7163249e-001,-1.0703024e-001,-1.2957553e+000,-2.0267526e+000
-1.3709266e-001,-1.4126194e-001,2.7794803e-001,1.2372818e+000,1.6332633e+000,1.5758425e+000
7.0920379e-002,-1.9278202e-001,1.7303678e-002,-7.0846999e-002,-1.0004695e+000,4.5639244e-001
2.0821295e+000,1.5949065e+000,1.6501549e+000,-3.7218921e-001,-1.0564717e+000,7.7159790e-001
-1.4525639e+000,-1.6642448e+000,-1.4683645e-001,-5.6075751e-001,1.5108595e+000,-2.5990329e-001
1.4932401e-001,4.2240107e-001,-8.3823632e-001,1.2275580e+000,-8.0567798e-001,-2.9143810e-001
8.5591259e-001,1.0153644e+000,4.8465246e-001,1.0829254e+000,-1.2629878e-001,-1.2326428e+000
1.7608007e+000,1.4508758e+000,1.4910793e+000,-1.0318807e+000,-5.5437394e-001,8.4140416e-001
-7.6705002e-001,-6.7258520e-001,-3.8042191e-001,6.6017178e-001,-1.3343774e-001,7.5574644e-001
-1.4141489e+000,-1.2288871e+000,-7.1805091e-001,7.2323152e-001,5.8338870e-001,3.9996794e-001
2.5424494e-001,-5.8990940e-003,2.2210220e-001,1.7475309e+000,1.6494732e+000,1.1808145e+000
4.5990397e-002,8.2395485e-001,-1.0411976e+000,1.4167352e+000,1.0071085e+000,-1.8492862e-001
-1.4722282e+000,-9.8279141e-001,-7.7557956e-001,-1.5242618e+000,-1.2999970e+000,-7.9148419e-001
-1.9007821e+000,-1.5249833e+000,-8.9285387e-001,-2.6336995e-001,1.2151404e+000,1.7993229e-002
-6.0181718e-001,-4.2689887e-001,-1.4146860e-001,-1.9587914e-001,-1.3473991e+000,3.1405511e-001
-8.7606988e-002,3.3641593e-002,-8.4715558e-002,-9.5806302e-003,-9.5390545e-001,1.7671329e-001
-8.8543696e-001,-9.5215588e-001,-1.9757099e-001,1.5122316e+000,-1.5542353e+000,6.6644272e-001
-6.1361480e-001,1.7482696e-002,-1.1311941e+000,-1.3055868e-002,3.2077989e-001,9.8312369e-001
1.5295965e+000,1.0602539e+000,1.5110231e+000,-1.9681518e-001,-6.6699306e-001,-1.5432970e-001
8.1273058e-001,1.5070972e+000,-1.1447927e+000,-3.2435588e-001,1.6299606e+000,-5.0141132e-001
-1.1478597e+000,5.4488907e-004,-1.6980738e+000,4.9988081e-001,-1.3124565e+000,1.4346535e+000
-3.9140428e-003,1.8700536e-001,-2.9453078e-001,2.7742715e-002,1.2166133e+000,3.1205169e-001
-1.9299262e+000,-1.4235574e+000,-1.6368761e+000,9.5008121e-001,-4.2769818e-001,5.3675927e-001
-3.4721496e-001,1.9684611e-002,-5.4385973e-001,-9.5467752e-001,3.4450454e-001,2.9661104e-001
3.5579875e-001,-1.5919886e-001,7.7688182e-001,-2.5225734e-001,1.5675020e+000,5.7606262e-001
1.2661883e+000,1.3935704e+000,-5.0287583e-001,1.1334085e+000,7.7212019e-001,4.4386299e-001
-1.0662307e-001,-1.2462967e-001,-9.3160469e-001,-1.5257841e+000,1.4554709e+000,4.3489958e-001
-6.0859900e-001,-3.4852480e-001,-5.6912772e-001,-1.5744989e+000,-1.3898280e+000,-1.6600941e-001
-2.8852020e-001,2.9823834e-001,-8.1572756e-001,1.1922126e+000,-3.2687148e-001,8.1519371e-001
-1.3027391e+000,-1.1419590e+000,-2.9280990e-002,-1.3312646e+000,1.7692583e-001,-4.7149754e-001
-2.4653249e-001,3.2280669e-001,-1.3633710e+000,1.2147638e+000,-1.2843264e+000,8.2301894e-001
1.6985193e+000,1.5028347e+000,6.4704300e-001,-1.4355461e+000,-1.2857377e+000,-8.6008998e-002
9.8061158e-001,6.0508412e-001,9.5773721e-001,-1.2473860e+000,1.4934771e+000,-1.8766577e+000
2.4320915e-001,5.5148675e-001,-8.5653197e-001,-6.0347856e-001,-7.9423763e-001,-1.1019365e+000
-7.3050067e-001,-3.5576701e-001,-1.4697736e+000,-2.9692016e-001,-1.3821949e+000,1.0156629e+000
-1.0057117e+000,-2.0997018e-001,-1.7053275e+000,-8.6493159e-001,-1.3605222e-001,1.1534129e+000
-1.0282048e+000,-2.9423140e-001,-1.2710682e+000,-4.3608775e-001,1.5138680e+000,1.0174286e+000
-5.9505051e-001,-1.5055540e+000,1.4168599e+000,6.6923541e-001,1.4467763e+000,7.9940268e-001
2.5167827e-001,1.3955166e-001,4.4144176e-001,-8.4533061e-001,-5.1698319e-001,-7.0624966e-001
-1.5018844e+000,-1.6239158e+000,2.9301343e-001,-1.6912480e+000,2.1463322e-001,-8.9528333e-001
7.0945210e-001,1.0890857e+000,-2.2110119e-001,-8.1685362e-001,2.3536266e-001,-2.2411601e+000
5.6251072e-001,1.4715777e+000,-1.4236002e+000,1.1788223e+000,1.5667212e-001,-8.9336106e-001
-4.4753651e-001,-9.8164824e-001,1.1506977e+000,-2.6439561e-002,1.5940019e+000,1.0364980e+000
1.8372649e+000,1.3649448e+000,1.6309852e+000,-6.2778799e-001,-1.2808316e+000,7.9241151e-001
-4.7549909e-001,-3.0339798e-001,-1.6552605e-002,5.7502533e-001,1.3025303e+000,1.3624152e+000
-1.3101899e+000,-1.3830434e+000,7.8897964e-002,-8.4825346e-001,-1.3731311e+000,-1.1174920e+000
-4.2315546e-001,-4.2954266e-001,1.0198187e-001,-1.6411455e+000,-5.7082364e-001,1.8230845e-001
1.0536493e+000,9.2771050e-001,3.3914589e-001,-2.0780694e-001,-7.9200165e-001,-1.8349202e+000
9.7502105e-001,8.3084953e-001,5.8782984e-001,-1.3196254e+000,-1.4262934e+000,-2.7279724e+000
1.1065129e+000,8.5393126e-001,1.4911794e+000,-8.5111764e-001,7.3802401e-001,-1.3880481e+000
4.3355037e-001,8.7625218e-004,7.9635179e-001,1.0093106e-001,1.5862881e+000,6.3793725e-001
7.8542087e-001,1.6200660e+000,-1.4273978e+000,3.1729801e-001,-1.3706943e-001,1.3297845e-001
1.8171235e+000,1.2258647e+000,1.5580452e+000,4.6863255e-001,-1.3099289e+000,8.6625089e-001
1.1206740e+000,7.4780729e-001,1.6637718e+000,5.6269374e-002,5.3596764e-001,-1.0541195e+000
1.4469672e+000,1.6885829e+000,-1.9747122e-001,-6.9627031e-001,1.0561155e+000,7.8484895e-001
-1.4059068e-001,6.1798384e-001,-1.5088753e+000,1.7640606e+000,1.9130864e-001,1.1242305e+000
-8.5844123e-001,-9.6643680e-001,2.3624132e-001,1.0869108e+000,-9.2482357e-001,5.8086391e-001
-5.5860104e-001,-1.1893410e+000,1.3948044e+000,-3.9343342e-001,3.9276708e-001,3.8464824e-001
7.8736911e-001,1.4174954e+000,-9.0952526e-001,1.5816916e+000,-4.1749063e-001,-5.4891500e-001
-1.6903702e+000,-1.3589067e+000,-5.1617676e-001,-5.3754111e-001,8.1585037e-001,-2.0326069e-001
1.1153880e+000,4.2055256e-001,1.5461443e+000,8.0962492e-001,1.2615148e+000,-5.8993923e-001
2.2876684e-001,5.0613096e-001,-4.9904309e-001,8.2087078e-001,-2.2320781e-001,-7.6086481e-001
8.0076651e-002,-4.1671929e-001,6.8050581e-001,1.3194940e+000,-1.1453875e+000,1.1222621e+000
-1.0434637e+000,-1.3004645e+000,4.4490319e-001,-1.0854933e+000,-1.2990125e-001,-5.0469967e-001
4.9489799e-001,8.4755230e-001,-8.2409297e-001,1.6094625e+000,-9.2173374e-001,-1.0273716e+000
1.3523519e+000,3.8543883e-001,1.4137302e+000,-3.5672899e-001,-6.1743477e-001,-1.6470196e+000
1.8560546e+000,1.2960366e+000,1.7053070e+000,-6.2219620e-001,5.0190116e-002,1.2665803e+000
-3.7693359e-001,-5.4552617e-001,3.1534305e-001,-8.1242968e-001,4.7071517e-001,7.1802278e-001
7.1891428e-001,-1.1682605e-001,1.5326480e+000,-1.4573630e+000,5.3378308e-001,-2.7292746e-001
-1.0795456e+000,-1.6953560e+000,4.6701093e-001,2.5903589e-001,-1.5436266e+000,-4.0270508e-001
1.4655494e+000,7.9864543e-001,1.3249975e+000,8.5605709e-001,-1.6073353e-001,-7.1510231e-001
9.4011792e-001,1.5088152e+000,-1.3376499e+000,1.0530350e+000,5.4999291e-001,1.9844961e-001
-4.2785065e-001,-7.2772491e-001,9.4647039e-001,7.3380914e-001,7.2401549e-001,1.2624903e+000
-1.1660382e+000,-1.0763955e+000,4.4301349e-002,1.7229617e+000,-1.6724940e+000,6.2286918e-001
-5.7079836e-002,-8.3143649e-001,1.4746964e-001,-5.2905457e-001,1.4359686e+000,1.0151169e+000
2.1564947e-001,8.8026688e-003,4.1997997e-001,-9.8716508e-001,-4.2302290e-001,-2.3996317e-001
3.1046693e-001,2.7180038e-001,1.0646634e-001,-6.9829900e-001,1.1832680e+000,-5.0483072e-001
-1.2230097e+000,-8.1647885e-001,-1.1025410e+000,-1.5774924e-002,1.6281992e-001,5.2240242e-001
-4.7261250e-001,-7.1007554e-001,2.7785109e-001,1.7137099e+000,-5.6229853e-001,1.4772091e+000
9.8332922e-002,-3.6935420e-001,4.3085444e-001,8.2604273e-001,1.4617108e+000,1.4566224e+000
1.8617094e+000,1.3606051e+000,1.1210640e+000,3.1133367e-001,1.4986492e+000,1.4950168e+000
-7.7100755e-001,-1.2184630e+000,-1.4535328e-001,7.1908750e-001,-9.3015626e-001,3.0668878e-001
-8.7277249e-001,-1.4474638e+000,5.2558039e-001,2.2991866e-001,9.7963169e-001,1.1817861e-001
1.0681472e+000,1.6781777e+000,-1.0486502e+000,4.8655377e-001,-4.0252981e-001,4.0891041e-001
-7.6570081e-001,-6.8425750e-001,-2.9778873e-002,-1.2665468e+000,4.5854914e-001,2.6910125e-001
1.2627736e+000,1.5698798e+000,-4.6560135e-001,9.2392490e-002,1.0854276e+000,4.9614759e-001
-8.6723615e-001,-4.8739211e-001,-1.2326085e+000,-1.6280159e+000,-8.3526170e-001,3.0402521e-002
-1.2035298e+000,-1.3274067e+000,-3.0834378e-001,-7.3872786e-001,1.9865973e-001,-6.0857908e-001
-4.0594675e-001,-2.4184547e-001,-8.3940591e-001,9.5182907e-001,-9.9793055e-001,1.1660369e+000
2.1393527e+000,1.7377964e+000,1.0914997e+000,7.6563313e-001,1.5874855e-001,4.7384418e-001
-1.1304556e+000,-1.4835108e+000,3.7929118e-001,-4.8827432e-001,1.0483796e+000,-1.5636235e-001
-6.4657187e-001,-8.6940528e-001,4.7967846e-001,-6.9300461e-002,8.1236166e-001,5.0626351e-001
8.1451040e-001,1.7371274e+000,-1.3389279e+000,-1.1388233e+000,-6.7676306e-001,-5.7876164e-001
1.6772123e-001,-7.2363497e-001,1.5109820e+000,-8.7446462e-001,-4.2263055e-001,9.6506701e-001
7.9209049e-001,4.7654665e-001,1.1304505e+000,1.2235047e+000,5.4201895e-001,-8.0713241e-001
-8.9628824e-001,-2.7163339e-001,-6.2756424e-001,1.5575480e+000,4.6062920e-001,1.3465281e+000
1.3867166e-001,-6.7029115e-001,1.6352624e+000,-4.7161091e-001,1.9921935e-001,1.1688966e+000
7.0861054e-001,6.4600353e-001,8.8928458e-001,-1.1833281e+000,-1.9657422e-001,-2.1288132e+000
8.6139993e-001,1.4814795e+000,-8.6251714e-001,-2.7173432e-001,6.9119977e-001,-7.1927613e-001
5.3477465e-001,1.0649566e+000,-6.6678604e-001,1.7993572e-001,-1.5895341e+000,-2.0344915e+000
-1.0610726e+000,-1.5151125e+000,5.3634419e-001,4.1386923e-001,-1.0741871e+000,-2.8124512e-001
9.8267992e-001,5.6752054e-001,6.9907022e-001,1.0844370e-001,1.7253067e+000,-1.3074118e+000
-4.8386768e-001,-8.8448379e-001,6.5868770e-001,-4.4181481e-001,1.1444231e+000,8.5535225e-001
2.9616654e-001,-3.5260680e-001,1.3784248e+000,1.0390187e-001,2.2509829e-001,8.5314618e-001
2.7949336e-001,-3.1986223e-001,1.6039120e+000,7.5610253e-002,2.5437861e-001,1.3461689e+000
-1.8149145e+000,-1.5963658e+000,-8.7322249e-001,2.0834231e-002,8.7935895e-001,-6.7997868e-002
-1.8556498e-001,-6.6654536e-001,1.4709071e+000,1.5091875e+000,-1.6006830e+000,1.4639828e+000
6.5484300e-001,1.0594595e+000,-2.9219718e-002,-3.6766547e-001,-1.1856792e+000,-2.1089355e+000
-1.4865231e+000,-9.3522211e-001,-1.2668059e+000,9.4147185e-001,-4.9309239e-001,6.0271034e-001
1.3453060e-001,7.2731758e-001,-1.0444327e+000,-1.0861645e+000,8.2957925e-001,-1.0978959e+000
-1.6144064e-001,7.2543772e-001,-1.7026539e+000,1.3526938e+000,-1.0210591e-001,5.0631189e-001
-8.6279939e-001,-2.2510823e-002,-1.6210912e+000,1.7236881e+000,-5.2990695e-001,1.9796288e+000
2.8115110e-002,9.4359685e-002,-1.7798252e-001,-1.4619201e+000,-5.5045982e-001,-4.4583453e-001
5.1349303e-001,-1.5124290e-002,7.8514733e-001,-2.1331519e-001,5.6949022e-001,-1.6226498e-001
-5.1703432e-001,-2.4655620e-001,-5.6169277e-001,8.0779387e-001,2.9727319e-001,1.2507227e+000
-1.3282689e+000,-1.1706647e+000,-4.3694669e-001,-5.1426517e-001,9.8185294e-001,-9.3054122e-002
-1.9887753e-001,-2.9803186e-001,-1.4820296e-001,1.0528151e+000,1.6038648e+000,1.4844688e+000
7.5572432e-001,1.0082972e+000,1.0638517e-001,6.3107709e-001,2.8768188e-001,-1.3381333e+000
-1.1610881e+000,-1.5272996e+000,-2.0774228e-001,-6.3844755e-001,-2.7949482e-001,-6.3463941e-001
5.4973319e-001,1.2327641e+000,-1.1751639e+000,-9.8606707e-001,1.4353656e+000,-1.6750093e+000
9.6629336e-002,5.5044112e-002,-2.6807682e-001,1.7563517e+000,-1.2190690e+000,6.5179713e-001
2.9908777e-002,3.8594658e-001,-6.6415574e-001,8.3794301e-001,-1.5147411e+000,-2.3650529e-001
4.3016138e-001,4.8638657e-001,2.8575934e-001,1.4433830e+000,-6.8951994e-002,-7.3987252e-001
6.1714964e-001,1.3136555e-001,4.6298543e-001,-1.3265432e-001,1.6206309e+000,-3.1704618e-001
1.5009038e+000,1.4860293e+000,1.9609202e-001,6.6154792e-001,-1.5365445e+000,6.6973604e-001
4.6003282e-001,7.9922215e-001,-1.5910109e-001,6.3621494e-001,8.6737610e-001,-1.3061000e+000
-3.0162183e-002,5.8532733e-001,-1.3767404e+000,4.1186638e-001,2.5108836e-001,2.7584207e-001
-1.4137259e+000,-1.4820504e+000,-4.7142810e-001,4.7043150e-001,1.1433559e+000,-4.8785192e-002
1.3566091e+000,1.6779550e+000,-9.2646623e-002,-3.2315898e-001,-1.4824283e+000,1.7026669e-001
1.0661709e+000,7.3567880e-001,8.8731631e-001,4.4749530e-001,-2.5186648e-002,-1.7533648e+000
1.4284837e+000,8.7468355e-001,7.4794553e-001,-4.2286136e-001,-4.1307000e-001,-1.1997085e+000
-4.0330238e-001,-2.1689325e-001,-7.8988959e-001,4.1519867e-001,-2.4379355e-001,1.1553822e+000
-3.0739322e-002,6.5384314e-001,-1.1089667e+000,-1.4635810e+000,-9.3843845e-001,-1.2399166e+000
-6.9186865e-001,-5.8708674e-001,-6.9295556e-001,1.0552661e+000,-1.4993696e+000,7.1723021e-001
-1.5578663e+000,-1.3507169e+000,-8.3640890e-002,-7.9079745e-001,-1.2015791e+000,-5.3936166e-001
1.1064889e+000,1.4986966e+000,-4.4292167e-001,1.4484021e+000,-8.4282719e-001,2.3472533e-001
-4.1680972e-001,-6.7080470e-001,7.4511017e-001,3.9637461e-001,-8.5817559e-001,6.8195858e-001
9.0057560e-001,1.0036268e+000,-5.2215409e-002,-2.3789699e-001,9.8762665e-001,-1.7601562e+000
-1.2448550e+000,-5.4840023e-001,-1.3160441e+000,-3.8733695e-001,-5.8793132e-001,7.0587225e-001
7.3627576e-001,7.5141589e-001,4.4991862e-001,1.3617822e+000,-5.2014905e-001,-1.2169936e+000
1.9206290e-001,-3.3734059e-001,1.2442262e+000,1.3946588e+000,1.5049002e+000,1.7483794e+000
-3.8137305e-001,-2.2781260e-001,-4.2271108e-001,2.6589712e-001,1.5354918e+000,1.2907642e+000
-8.2522042e-001,-4.2866754e-001,-8.4197111e-001,-1.6609311e+000,1.1047451e+000,3.9570568e-001
-2.4367731e-002,9.0148854e-001,-1.3965772e+000,1.5750593e-001,-7.6176399e-001,-7.3768401e-001
9.4289568e-001,3.2721857e-001,9.6971620e-001,-1.0887921e+000,-1.7035900e-001,-1.7114776e+000
-6.6217032e-001,-1.1889711e+000,8.5402702e-001,1.6057733e+000,1.4555173e-001,1.1718764e+000
-1.5888428e+000,-1.0639960e+000,-9.1732216e-001,-1.2960917e-001,-7.2677570e-001,-1.1406976e-001
5.4431086e-001,3.2439832e-001,4.7251656e-001,9.9905619e-001,-8.5658696e-001,-7.5975357e-001
5.1671039e-001,1.3914781e+000,-1.1508841e+000,1.3973227e+000,-1.0066368e+000,-1.1770244e+000
-6.3048132e-001,-9.6000811e-001,8.4498049e-001,1.6836671e+000,-9.4144174e-001,1.0450763e+000
1.3067166e+000,1.2757428e+000,2.6155690e-004,1.6460943e+000,1.5749493e+000,6.4669243e-001
9.4256822e-002,5.1305379e-001,-1.0248398e+000,6.3879152e-002,-1.0034883e+000,-7.5625809e-001
-2.2187331e-002,2.2106209e-001,-6.2323829e-001,1.5371741e+000,1.4147570e+000,1.1431122e+000
1.1245073e-001,3.6037793e-001,-4.5647023e-001,3.6506173e-001,1.2660269e+000,2.0543031e-001
3.8128696e-001,-3.4087675e-001,1.0593348e+000,-8.3722030e-002,1.7292906e+000,1.0062279e+000
-1.4954869e+000,-1.6762348e+000,4.9877547e-003,-1.3426462e-001,-4.8475465e-001,-4.7496614e-001
-5.4986413e-001,-1.0955589e+000,4.8527829e-001,1.1732016e+000,1.3960289e-001,8.3022977e-001
-3.3975786e-001,-9.2461732e-004,-9.1355299e-001,-1.3471620e+000,-1.0468154e+000,-8.1307139e-002
1.6710346e+000,1.5399464e+000,1.2368499e+000,3.5692888e-001,-9.2106551e-001,1.3732237e+000
-7.0392459e-001,-1.1891920e+000,2.0410274e-003,1.4160062e+000,1.4903363e+000,1.0643370e+000
-1.0967529e-001,-6.4150041e-001,5.8098478e-001,-1.5823708e+000,-1.3783715e+000,-9.8245916e-002
-1.2824688e+000,-1.0008737e+000,-7.7751929e-001,-1.1277728e+000,1.5255244e+000,-2.1061807e-001
4.3764039e-001,8.4803735e-001,-1.2035584e+000,-6.5662560e-001,-6.0324664e-001,-1.6726736e+000
4.9328961e-003,-1.0290463e+000,1.6803626e+000,8.3894505e-001,-1.6134030e+000,1.1884426e+000
7.1056195e-001,8.9432327e-001,-2.8320489e-003,5.2085114e-001,-2.7762733e-001,-1.8206948e+000
-1.9959545e+000,-1.5433155e+000,-1.1926172e+000,-7.1810405e-001,-6.3599508e-001,-6.4086441e-001
1.9729465e+000,1.2702572e+000,1.6967991e+000,5.6066456e-001,8.7062095e-001,1.9111079e+000
1.6045323e+000,1.3710272e+000,4.4537834e-001,-6.7750771e-001,1.2383554e+000,8.8987474e-001
8.1889699e-001,1.1794159e+000,-2.0260177e-001,1.2409901e+000,-7.8889477e-001,-1.2221563e+000
-4.8306636e-001,-1.0946049e+000,1.4109274e+000,-1.5724663e+000,9.1395637e-001,4.0338869e-001
-1.6354532e+000,-1.6982694e+000,4.2459514e-001,-9.2654006e-001,1.4565113e+000,-5.0384401e-001
-2.7221928e-001,-4.5931908e-002,-6.1558413e-001,4.0884289e-002,7.7558628e-001,9.3436465e-001
4.3918562e-002,-1.5738769e-001,1.0487666e-001,8.2730713e-001,-2.0703608e-001,7.0309604e-001
-7.8417620e-002,5.5158095e-001,-1.4822106e+000,1.2630947e+000,-3.4663112e-001,6.5557039e-001
1.4186667e-001,9.6114634e-001,-1.1609369e+000,-6.0266204e-001,-1.0796355e+000,-1.6167874e+000
-9.6669811e-002,-8.8204416e-002,-2.2913277e-002,7.8746182e-001,1.5814171e+000,1.2194248e+000
-6.6138374e-001,-2.2357905e-001,-9.8244030e-001,4.0078388e-001,-1.3983801e+000,7.1996181e-001
1.8686680e+000,1.3715464e+000,1.0629156e+000,-6.5967928e-001,8.7974289e-001,8.5363434e-001
-1.0433699e-001,-8.9940347e-001,1.5058740e+000,-4.5322026e-001,-3.0438162e-001,8.0465359e-001
5.1518633e-001,1.0387691e+000,-4.8080959e-001,-4.7661686e-001,2.6028245e-001,-2.1277552e+000
-2.5968428e-001,-3.8060855e-001,8.1230557e-002,-1.0452830e+000,2.7260208e-001,4.6648656e-001
1.2195527e+000,6.3882088e-001,1.4108184e+000,9.3893110e-001,2.8735262e-001,-1.0621958e+000
-2.2426591e+000,-1.7127792e+000,-1.6479036e+000,1.4698014e+000,-2.4231378e-001,6.0554042e-001
-8.7609707e-001,-1.0111933e+000,4.4508429e-001,-1.0565946e+000,4.8225845e-001,-5.9253275e-002
2.2074920e+000,1.4009010e+000,1.6968710e+000,-3.4261835e-001,-5.1175797e-001,1.0211409e+000
1.2673699e+000,1.2597400e+000,-4.4002702e-001,-1.6311638e+000,-7.3618923e-002,-1.2148264e+000
4.6550895e-001,6.3166886e-001,-3.9281988e-002,-3.9287310e-001,-3.1914205e-001,-1.6276387e+000
1.0369496e+000,3.3290017e-001,1.6814855e+000,8.9667654e-001,1.0822557e+000,-5.6936815e-001
-2.6620961e-001,-5.7382807e-001,2.2041452e-001,1.1986177e+000,-1.1580492e+000,9.3751171e-001
4.3293646e-001,1.1611175e+000,-8.1753095e-001,-1.3682611e+000,-1.2110170e+000,-2.4039850e+000
-2.0775943e+000,-1.6521769e+000,-1.3310139e+000,-2.7949334e-001,-8.2344201e-001,-5.0736836e-001
-3.2904166e-001,-8.5213586e-001,9.0512657e-001,2.1104974e-001,9.9642763e-001,7.9647235e-001
-1.1120181e-001,-6.8702699e-001,1.1676822e+000,4.5506935e-001,-8.4807338e-001,1.2181643e+000
-6.9484168e-001,-1.0310598e+000,5.2817017e-001,2.1358408e-001,-1.2263792e+000,3.3244476e-001
-7.7899288e-001,-4.2832259e-001,-9.1506712e-001,1.4912305e+000,7.2507283e-001,1.7030908e+000
-9.6210949e-001,-1.2146688e+000,-6.7343620e-001,8.8416972e-003,4.2195633e-001,1.5741643e-001
-4.8188384e-001,-8.5268988e-001,5.7252439e-001,-7.8218604e-002,7.3250915e-001,4.1112233e-001
1.1539955e+000,1.0134416e+000,2.7913056e-001,1.3072545e+000,-7.7474788e-001,-1.0974734e+000
-1.6282874e+000,-1.0132563e+000,-1.0823793e+000,1.2364808e-001,1.0377163e-001,-2.9170637e-002
5.1075973e-001,1.2388008e-001,1.1430105e+000,-5.8708888e-001,-1.9850515e-001,-6.2278948e-001
2.1563547e-001,-5.9675315e-001,1.7058265e+000,7.4677330e-001,2.6435727e-001,2.1580027e+000
-1.1890161e+000,-1.4620163e+000,-1.3654332e-001,1.7484813e+000,1.6166585e+000,8.1082339e-001
7.0872985e-001,3.9194135e-001,5.9848942e-001,-2.7010979e-001,-3.2260397e-001,-1.4091969e+000
1.1130650e+000,1.2166900e+000,-4.7496572e-001,-1.4957430e+000,7.2941529e-001,-1.4522602e+000
-6.1387462e-001,3.6206421e-002,-1.2981531e+000,-6.9494483e-001,1.3137881e+000,1.3359451e+000
-8.7223712e-001,1.1290846e-001,-1.3569002e+000,-7.2374883e-001,7.4380564e-001,1.0020732e+000
5.3136947e-001,-1.6870453e-001,1.4734938e+000,-1.4687153e+000,1.1986507e+000,2.2125665e-001
7.9568264e-001,1.3766116e+000,-6.4465215e-001,-1.0103619e+000,-1.3331886e+000,-1.7348405e+000
4.3698230e-001,1.0297542e+000,-1.5796452e+000,1.0490245e+000,1.6797170e+000,-5.0939041e-001
2.8557648e-001,5.3849928e-002,6.1761029e-001,1.1611322e+000,-1.6649466e+000,2.3149287e-001
1.0947010e+000,1.0890331e+000,5.8620176e-001,4.4946289e-001,7.1203284e-001,-8.1866454e-001
3.1021031e-001,9.4564062e-001,-1.4917898e+000,1.4966030e+000,1.6632112e+000,-2.3258735e-001
-4.7894861e-001,-4.8923571e-001,-4.5241418e-001,9.8237045e-001,1.1059265e+000,1.5921538e+000
1.8082477e+000,1.1459606e+000,1.3275898e+000,-5.8925208e-001,1.7417409e+000,8.4119195e-001
3.9792441e-001,1.1692897e+000,-1.5318496e+000,9.1753146e-003,9.7031599e-001,-1.0114443e+000
3.0007889e-001,-1.9855049e-002,1.5776680e-001,-2.8944247e-001,-5.2904534e-001,1.5594707e-001
1.3709091e+000,1.4243455e+000,4.9581319e-001,-1.2024985e+000,-3.8897774e-001,-3.7220786e-001
1.2836559e+000,8.5083812e-001,8.4894530e-001,-1.4253496e+000,-6.5646263e-001,-1.8800395e+000
-1.5255355e+000,-1.1604337e+000,-1.3041505e+000,-1.0474441e+000,1.8895230e-001,3.2269049e-002
6.2089789e-001,-3.8963233e-002,1.3039950e+000,-5.4345681e-002,3.4683295e-001,1.9630622e-001
-7.7271010e-001,-5.0286095e-001,-9.1043937e-001,-1.3300296e+000,6.3804065e-001,4.7026147e-001
9.5401812e-001,1.1589830e+000,-1.7955822e-001,-7.4545536e-001,-1.5811497e-001,-1.6813962e+000
1.1634094e+000,1.1478620e+000,-1.2446328e-001,-1.1098723e+000,-9.5461648e-001,-1.5111519e+000
7.9351834e-001,1.6564428e+000,-1.1394082e+000,-5.6607685e-001,-4.1954265e-001,-4.7351536e-001
2.2798647e-001,-2.4521974e-001,9.1491464e-001,-1.5402131e+000,-1.5401368e+000,-3.4069460e-001
-3.5082403e-001,-7.6870675e-001,9.6260451e-001,7.7265841e-001,-1.3523191e+000,1.0177531e+000
-1.5664913e+000,-1.6114074e+000,-1.8123754e-001,-1.5678668e+000,-3.1912426e-001,-1.2980587e+000
-1.1663587e+000,-1.6839916e+000,6.1771837e-001,-6.3785489e-001,5.1632374e-001,-5.1542556e-001
7.2071650e-001,7.1664446e-001,-3.0761547e-001,-4.0608151e-002,-3.9283868e-001,-1.6906913e+000
-1.1659061e+000,-1.2096515e+000,-1.6744838e-001,1.4701552e+000,1.5976491e+000,8.6808153e-001
5.2023117e-001,-3.0196713e-001,1.6738060e+000,-1.2671037e+000,-5.7027750e-001,4.0696214e-001
-3.0847572e-001,9.3262665e-002,-4.5292240e-001,-1.1374721e+000,-3.9439691e-001,1.9169934e-001
-7.7299223e-001,-3.6328453e-001,-1.0055617e+000,3.6139787e-001,1.5696483e+000,1.3821378e+000
-1.4125969e+000,-1.5150984e+000,3.5418844e-002,-4.1416739e-001,5.8678969e-001,-4.2584166e-001
-5.0618533e-001,2.7939935e-001,-1.5674254e+000,-1.4885900e+000,-1.5869247e+000,3.1850362e-001
3.7814773e-001,1.0153595e+000,-1.1113804e+000,2.3850964e-001,-7.2667625e-001,-1.3238126e+000
9.0821421e-001,1.6564060e+000,-1.2427631e+000,-1.4332504e+000,-1.5053595e+000,-6.3247251e-001
-1.1346002e+000,-7.4255636e-001,-1.3901039e+000,6.3694666e-001,-3.4895000e-001,9.4789811e-001
-2.0143825e+000,-1.6290432e+000,-8.6378564e-001,-9.4466909e-001,9.7445858e-001,-6.0786001e-001
3.5367120e-001,5.9915913e-001,-6.8218726e-001,-3.4325338e-001,-1.4841674e+000,-1.5304842e+000
-5.3590387e-001,-4.0428401e-001,-4.2734015e-001,-1.4139143e+000,1.4399719e+000,3.6549223e-001
6.9165593e-001,9.4875233e-001,-1.6081473e-001,-6.4968937e-002,-2.9043045e-002,-1.8589126e+000
3.9565344e-001,1.2459566e+000,-1.5426042e+000,5.4247620e-001,4.2977076e-001,-1.1284997e+000
8.8987353e-001,4.3371806e-001,1.5506058e+000,-1.5824482e+000,1.8384378e-001,-1.7669775e+000
1.5649730e-001,7.6801401e-001,-1.1600586e+000,7.6318623e-001,-7.0372479e-002,-3.8698014e-001
1.5475321e+000,9.9593776e-001,9.7370351e-001,-9.9014485e-001,1.4242719e+000,-9.3288498e-001
4.6176102e-001,7.8739354e-001,-6.9146784e-001,8.0580298e-001,-1.2749481e+000,-1.4748771e+000
1.1031430e+000,1.3396776e+000,7.7337881e-002,6.8212185e-001,6.2354961e-001,-3.0639942e-001
-1.4190250e+000,-1.7370114e+000,5.0078834e-001,1.0127813e+000,3.9378927e-002,-1.1439386e-001
7.8785075e-001,7.3213991e-001,4.1007241e-002,1.6485309e+000,-9.1176515e-001,-1.4311547e+000
6.9674065e-001,1.5110099e+000,-1.7138645e+000,1.5376982e+000,-6.1724972e-001,-3.0278865e-001
-1.0638049e+000,-1.4299892e+000,5.5955720e-001,-3.5797506e-001,-1.5172596e+000,-4.1838365e-001
1.1018752e+000,7.1761154e-001,8.4664705e-001,5.7624203e-002,1.9358399e-002,-1.7278671e+000
1.4472265e+000,8.1354377e-001,8.4262726e-001,-1.8902887e-001,1.9380815e-001,-1.4393756e+000
-1.2330273e-001,4.1995912e-001,-1.1135568e+000,-8.0841434e-001,-7.1659663e-001,-1.5044044e-001
7.5800896e-001,1.2041991e-001,1.0460654e+000,1.3556461e+000,2.7327591e-001,-4.8198542e-002
-4.6484425e-001,-4.4816280e-001,-1.0315382e-003,2.6768298e-001,-6.7854265e-001,6.7850559e-001
2.0435111e+000,1.4182318e+000,1.5154700e+000,-1.3356856e+000,-2.2705680e-001,8.8145487e-001
-5.7249128e-001,1.5184760e-001,-1.6938984e+000,-3.5631643e-001,1.4093702e+000,1.5435179e+000
-9.2765148e-001,-1.7334498e+000,1.1677109e+000,1.5851617e+000,2.7435611e-001,6.0451717e-001
-4.0162768e-002,8.4410561e-001,-1.6959998e+000,-2.0311023e-001,-1.3329331e+000,-6.8370267e-001
1.3851963e+000,1.1608450e+000,6.8719591e-001,3.7350864e-001,-1.4480200e+000,-6.5294068e-001
3.2718737e-001,9.1402802e-002,6.6643054e-001,-1.4131351e+000,1.5280434e+000,-3.0143440e-001
7.7449863e-001,6.8622844e-001,1.8028844e-001,-6.8276952e-001,-1.6401872e+000,-2.5276408e+000
1.0634925e+000,7.7926117e-001,6.2590841e-001,1.3448633e-001,-5.8261087e-001,-1.8410363e+000
7.9432680e-001,-1.6571726e-001,1.6811925e+000,-9.3310289e-001,-2.5676554e-001,1.3433997e-001
-1.5410363e-001,-7.7451176e-001,1.2862342e+000,-1.6424780e+000,-1.0425912e+000,-1.0529597e-002
-6.2147766e-001,-1.3284686e-002,-1.0726795e+000,1.1267338e+000,1.5789290e+000,1.8605810e+000
1.8542252e+000,1.4534361e+000,1.4964042e+000,-8.2660601e-001,-1.0463201e+000,7.3494607e-001
3.2804882e-001,3.1743940e-001,7.0310755e-001,-8.4801707e-001,-4.7841646e-001,-1.1334579e+000
-1.2769132e+000,-4.9875695e-001,-1.3112453e+000,-2.8998127e-001,1.6096130e+000,7.5369689e-001
2.0087771e-001,-2.4270310e-001,7.4059667e-001,-1.8898716e-001,-8.8793021e-001,3.3544189e-001
9.5483186e-001,1.3010717e+000,-1.4698962e-001,-1.1574937e+000,-7.9187022e-002,-1.6247278e+000
-1.2965936e+000,-1.3740914e+000,-3.6081592e-001,-1.4242920e+000,2.3309771e-001,-7.3439123e-001
-1.0809166e+000,-1.4216410e+000,5.5549067e-001,1.1038006e+000,-1.4697722e-001,2.1808114e-001
1.8187487e+000,1.2457066e+000,1.5227853e+000,2.9120996e-001,3.1853999e-003,1.1193821e+000
1.0819612e+000,6.9121190e-001,1.4614447e+000,1.4323501e+000,-1.3243567e+000,-1.2590541e+000
7.5866545e-001,4.4523154e-001,3.2524045e-001,-7.5480741e-001,-1.5242249e+000,-2.0426311e+000
-1.5476536e+000,-9.7210272e-001,-1.6494662e+000,1.2677687e-001,-9.9810627e-001,3.8550211e-001
-4.4002877e-001,-2.4656333e-001,-5.1483165e-001,1.0572382e+000,-2.4667610e-004,1.3410226e+000
3.9510916e-001,-1.8831907e-001,8.5680590e-001,1.0867514e+000,-4.7557228e-001,9.0277457e-001
6.2543473e-001,1.8210328e-001,1.1910681e+000,7.7396998e-001,-1.6977073e+000,-6.4768564e-001
1.0566194e+000,4.2550324e-001,7.7905218e-001,3.1576968e-001,-1.0281422e+000,-1.6315493e+000
-5.2632793e-001,-1.5491813e+000,1.5248147e+000,1.2608371e+000,1.2096122e+000,8.7152771e-001
-1.1284341e-001,-3.3029833e-001,-3.0811028e-001,-1.4684114e+000,-1.0585325e+000,-9.6343812e-003
-1.0007614e+000,-1.4141793e+000,-4.4979008e-002,8.7365004e-001,-8.9343175e-001,-1.2562776e-001
-1.9441460e+000,-1.4895968e+000,-1.6308795e+000,1.3904656e+000,1.5896861e+000,1.2182200e+000
1.3976907e+000,1.6883117e+000,3.2954579e-001,-9.6464141e-001,-1.2435683e+000,2.6150009e-001
-1.8924973e+000,-1.2130332e+000,-1.4926099e+000,-1.2070299e+000,5.0573831e-001,-1.0118850e-001
-4.7533414e-001,-7.4743661e-001,1.1323479e+000,-3.6757023e-001,-9.4975349e-001,7.3776351e-001
-4.6613648e-001,1.4351721e-002,-8.4875719e-001,-5.7929882e-001,-1.1090776e+000,5.1312888e-001
1.9707424e+000,1.3200787e+000,1.4727668e+000,-6.6827629e-001,-1.2767820e+000,5.2873886e-001
1.3736566e+000,1.1788288e+000,9.8459486e-001,9.2671548e-001,-1.4498239e+000,-1.5031464e-001
-4.7832400e-002,7.5290927e-001,-1.3525047e+000,9.0422371e-001,6.3212085e-001,1.3830152e-001
-8.2430041e-001,-6.7425882e-001,-2.4450953e-001,-1.2166886e+000,-1.1347518e+000,2.4412599e-002
-7.7854137e-001,-9.0676671e-001,-1.0182595e-001,-2.4762034e-002,-6.3142834e-001,1.0537561e-001
-6.8980873e-002,1.2695478e-001,-1.4582181e-001,1.2086016e+000,1.0622558e-001,8.1290407e-001
7.6685179e-001,1.4501813e+000,-1.2356730e+000,-1.0084607e+000,-3.6124870e-001,-1.3527172e+000
7.6428202e-001,1.1797130e+000,-2.6954716e-001,-9.4363799e-001,1.0576438e+000,-1.7140008e+000
8.2900820e-001,1.3130530e+000,-4.7544418e-001,-1.5877552e+000,8.9858347e-001,-1.9389946e+000
-6.8551264e-001,-1.2089412e+000,5.7969288e-001,-1.3588775e+000,6.3782756e-001,-1.3174238e-001
-1.8189700e+000,-1.2393220e+000,-1.4825130e+000,1.4873240e+000,8.0194479e-002,9.8806976e-001
-5.6137406e-001,-8.9399291e-001,5.0136723e-001,1.3408354e+000,4.2149798e-001,1.2128686e+000
-6.8321503e-001,-1.7444556e+000,1.5896500e+000,7.7314821e-001,-1.6802506e+000,3.5754784e-001
-3.6647065e-001,3.1618150e-001,-1.5230896e+000,-2.1296387e-001,-1.5944589e+000,7.5151000e-001
-1.0492179e+000,-6.6663199e-001,-1.5522382e+000,-1.2488921e+000,5.5411365e-001,8.1996031e-001
1.5376155e+000,9.4965194e-001,1.6674648e+000,-1.1040948e+000,5.4841533e-001,-5.6086779e-001
8.6419507e-001,9.1861500e-001,1.3192076e-001,-5.7626673e-001,-1.4055142e+000,-2.1217640e+000
1.7771761e+000,1.1433974e+000,1.3462989e+000,-1.3075707e+000,8.0105957e-001,2.8250957e-001
-1.0750805e-001,-1.0917481e+000,1.6418185e+000,-1.4340465e-001,-1.0429272e+000,9.2495232e-001
1.2441508e+000,1.7377364e+000,-1.4362487e-001,5.8967746e-001,1.0566975e+000,1.1453369e+000
-1.9349162e+000,-1.1265150e+000,-1.5366140e+000,4.8544440e-001,1.6444614e+000,6.0686092e-001
-7.9123732e-001,-1.5728381e+000,1.4344266e+000,-5.9246322e-001,4.7163551e-001,1.7160815e-001
-1.9593873e+000,-1.4333117e+000,-1.5482069e+000,-1.1130019e+000,-1.4303821e+000,-7.7053144e-001
1.1757318e-001,1.1858219e-001,3.8793721e-001,-3.3682318e-001,6.0920080e-001,-9.0795624e-003
1.3224431e+000,9.6586707e-001,3.2618534e-001,-7.0013726e-001,-1.6351775e+000,-1.6637305e+000
-2.1809202e-001,3.0124819e-001,-1.4958023e+000,-1.6392471e+000,1.0174848e+000,7.3426965e-002
9.3838092e-001,9.4372258e-001,5.9528924e-001,9.6614255e-001,-5.2718810e-001,-1.2582035e+000
7.1610171e-001,1.4425368e+000,-1.1375531e+000,1.0317368e+000,2.8055156e-001,-5.9251723e-001
-2.3212991e+000,-1.5778782e+000,-1.6574250e+000,1.7610220e+000,6.4447438e-001,1.1244993e+000
-9.4749199e-001,-1.6173473e+000,6.7005822e-001,-5.9258622e-001,-1.4163742e+000,-9.1454696e-001
3.7186906e-001,8.3297477e-001,-8.6029067e-001,-3.7938535e-001,-1.5357137e+000,-2.0525275e+000
-1.3595000e+000,-7.6652311e-001,-1.3662673e+000,-9.2025210e-001,-8.1908192e-001,2.9976881e-001
6.8618217e-001,1.2391152e-001,1.3526297e+000,-1.3876675e+000,1.1687365e+000,-8.1140534e-001
-7.2406039e-001,-6.4212385e-001,-4.0411924e-002,-1.1552238e+000,-4.7443961e-001,2.1910893e-001
-8.4309554e-002,-3.4262978e-001,8.0619880e-001,1.7214291e+000,1.0617634e+000,2.0331914e+000
8.7504764e-001,1.6009826e+000,-7.8304601e-001,2.2661719e-002,9.8322739e-001,-2.2869066e-001
1.5910633e+000,1.5016322e+000,5.0658284e-001,-6.9917189e-001,-1.5920437e+000,2.3721133e-001
-9.9213591e-001,-3.8324880e-001,-1.6177013e+000,-1.0965633e+000,-1.0836311e+000,6.3245889e-001
5.6884219e-001,1.7036902e-001,1.0701216e+000,-1.3103380e+000,3.5663524e-001,-9.3868286e-001
-1.5737336e-001,2.5962793e-001,-1.0735904e+000,-4.5701877e-001,1.4181538e+000,5.2018885e-001
-7.5418831e-001,-1.3511172e+000,8.0077910e-001,-1.1437334e+000,6.0962191e-002,-4.5273615e-001
1.5838230e+000,1.5216883e+000,5.2971562e-001,-1.2409277e+000,-2.3983156e-001,3.6786276e-001
1.4263429e-001,3.1860411e-001,-5.7619496e-002,-1.2844093e+000,-1.0605331e+000,-8.4015811e-001
-4.5864796e-001,-9.1461062e-002,-6.3230790e-001,2.5141346e-001,-4.5954459e-001,1.0960326e+000
-5.1695659e-001,1.3552928e-001,-1.6099298e+000,-1.6880028e+000,2.0004496e-001,7.9884222e-001
-1.0539385e+000,-1.3205536e+000,2.1439538e-001,1.0892944e-001,-1.2529503e+000,-2.9695698e-001
8.4407292e-001,1.3562669e+000,-2.5073725e-001,-5.6007457e-001,6.7414623e-001,-1.2810193e+000
8.2490599e-001,7.5925432e-001,-5.7670942e-001,-4.7199997e-001,-4.9400294e-001,-2.0268471e+000
1.3671864e+000,1.6754854e+000,-6.3667748e-001,1.1643891e+000,-2.4737744e-003,1.3184418e+000
3.3074485e-001,-2.7788566e-001,1.4665789e+000,-1.2911688e+000,-1.6223846e+000,1.9098515e-001
-1.0096167e+000,-1.4712571e+000,1.7856824e-001,1.6133767e+000,1.4889114e+000,6.3531722e-001
-1.2510246e+000,-1.1327547e+000,-4.5571827e-001,1.7470654e+000,1.2363489e+000,1.0211853e+000
2.7832274e-001,-2.0007161e-001,1.1831947e+000,-1.0475114e+000,2.8256353e-002,3.2140327e-001
1.7421787e+000,1.2025715e+000,1.6597256e+000,-3.1671412e-002,-1.3203530e+000,8.1755315e-001
-4.9825187e-001,5.5901650e-001,-1.2465154e+000,-1.8364527e-001,6.4170232e-001,6.3676300e-001
-3.8630452e-002,-4.2980370e-002,-5.3685213e-002,2.8519586e-002,-7.3585225e-001,1.5768962e-001
5.2466842e-001,4.7166192e-001,-3.4521374e-001,5.0528972e-001,9.7829045e-001,-9.1582695e-001
-6.1755561e-001,-7.8977687e-001,-5.1122359e-001,-1.2600233e-002,-1.4261255e+000,2.8934264e-001
-8.6906936e-001,-3.7202813e-001,-9.5445245e-001,-1.4716205e+000,-1.1452577e-001,3.6301909e-001
-1.4532673e+000,-1.4050976e+000,3.2502608e-001,-3.6016101e-001,1.0282411e+000,-2.1480213e-001
6.0435036e-001,-6.6925156e-002,1.3715486e+000,1.1681712e+000,1.5404782e+000,1.0493870e+000
-1.7910068e-001,5.3470088e-001,-1.1153486e+000,-1.0982312e+000,-8.1536569e-002,-2.9253473e-001
-6.1087296e-001,-1.0072494e+000,4.9867883e-001,-3.7718901e-001,6.5173873e-001,5.5716407e-001
6.1723642e-001,1.1668091e+000,-7.1786858e-001,1.3199222e+000,4.1917875e-001,-1.3107381e+000
-1.1545692e+000,-1.7634523e+000,7.5077093e-001,1.1909071e+000,1.2678504e+000,2.6800046e-001
-1.6646424e+000,-1.1063531e+000,-1.3856834e+000,-5.9144880e-001,5.3604476e-001,-1.1707112e-001
-3.6486138e-002,9.4709231e-001,-1.5186849e+000,1.2521347e-001,2.0799147e-001,-4.3111166e-001
-1.0621935e+000,-8.4308861e-001,-6.3453029e-001,-1.2419654e+000,-7.0111456e-002,-4.2280758e-001
-3.4628216e-001,-7.2927630e-001,6.4573637e-001,-5.0419190e-001,-4.0835647e-001,6.5511433e-001
-6.8046784e-001,-1.7325848e-001,-1.4651462e+000,-2.3862286e-001,7.1228345e-002,1.2083361e+000
1.2974268e+000,8.4309168e-001,1.0317333e+000,-1.1639336e+000,-1.5788339e+000,-2.1824743e+000
-5.8307849e-001,-1.3170651e+000,1.1947774e+000,-9.7014915e-002,4.0650446e-001,6.8096154e-002
-1.5669449e+000,-1.2310601e+000,-9.8010733e-001,1.0610255e+000,8.1947021e-001,6.3491324e-001
-7.7513785e-001,-1.1628562e+000,4.3316111e-001,1.3967271e+000,6.9390292e-001,6.6994182e-001
-3.6011028e-001,3.3182675e-001,-1.1046516e+000,1.4753933e-001,1.0277782e+000,8.6666496e-001
6.0227486e-001,1.7229788e+000,-1.6641423e+000,7.4664229e-001,-6.6191998e-002,-2.3890454e-001
2.0163362e+000,1.1787996e+000,1.5071752e+000,8.2121709e-001,6.9069682e-001,1.6956406e+000
-1.8161966e+000,-1.6907317e+000,-1.3975936e+000,1.3712166e+000,9.6959067e-002,5.5186533e-001
4.8334014e-001,-5.9853181e-003,1.4152049e+000,-1.5064836e+000,-1.2426175e+000,-6.8330375e-001
9.5216624e-001,1.4065070e+000,-3.2535886e-001,-1.6288297e+000,-6.1897810e-001,-1.7069268e+000
-5.4667017e-001,-2.8465823e-001,-1.6760144e+000,-1.3715515e+000,-2.3078390e-001,1.0820166e+000
-8.9014129e-002,-4.9136342e-001,1.3063361e+000,-9.0983168e-001,-1.0842255e-001,8.2830320e-001
2.9159722e-001,-5.3776854e-001,1.1914993e+000,2.5472704e-001,5.2955823e-001,1.1460483e+000
-4.2752664e-001,-2.7327329e-001,-4.8495911e-001,1.1933077e+000,3.4709587e-001,1.3969915e+000
7.5262615e-001,1.0718658e+000,1.3615887e-001,-9.6057527e-002,1.4345435e+000,-1.5575627e+000
1.1558881e+000,7.1524374e-001,1.0281537e+000,7.8002669e-002,-4.3108277e-001,-1.8770304e+000
-9.3587896e-001,-8.5914576e-001,-5.5534681e-001,-5.4498270e-001,1.0404357e+000,5.4434946e-001
1.4352257e-001,9.0749777e-001,-1.4607273e+000,-3.1736689e-001,-7.2523071e-001,-1.4370318e+000
1.1424959e+000,3.4544885e-001,9.8973019e-001,1.1399006e+000,-3.1605846e-001,-1.0422719e+000
1.0094754e+000,6.9923726e-001,8.0516390e-001,-4.3955583e-001,3.2915579e-002,-1.7397625e+000
-1.2333823e+000,-9.8693651e-001,-7.2382707e-001,-1.6616120e-001,1.2120430e+000,4.1419046e-001
1.8209944e+000,1.5404969e+000,1.2785500e+000,-1.4400877e+000,4.7088292e-001,6.5466369e-001
-4.2812698e-001,-7.0991582e-001,3.9362609e-001,1.6052008e+000,8.2196001e-001,1.5593837e+000
3.0927880e-001,-1.0798370e-001,9.6610743e-002,-8.3294875e-001,-4.1127268e-001,-2.7708204e-001
-1.4416064e+000,-1.1628640e+000,-4.8600984e-001,9.7409797e-001,-4.1501863e-001,4.3183130e-001
-1.7340296e+000,-1.6088136e+000,-1.1062910e-002,-9.6013124e-001,1.1368944e+000,-4.9006345e-001
1.7774443e+000,1.2975033e+000,1.0758137e+000,9.4676255e-001,1.3580549e+000,1.6154889e+000
2.0288257e+000,1.6887414e+000,6.7310789e-001,-7.5874853e-001,-6.4416223e-001,1.3467721e-002
-4.1889994e-002,-1.4108413e-001,8.5131485e-001,-1.1225327e+000,-1.5034258e+000,4.4370349e-002
2.7123602e-002,-5.1621620e-001,7.3319073e-001,1.1802960e+000,1.5502367e+000,1.7413166e+000
1.7279807e+000,1.2064247e+000,1.3963241e+000,1.4104669e+000,2.7310196e-001,1.5523976e+000
-7.6958660e-001,-7.4460445e-001,-1.3152746e-001,8.9893699e-001,-1.0261981e+000,5.9540571e-001
-1.7692508e+000,-1.1937699e+000,-1.2753166e+000,-5.6555969e-001,-8.5751513e-001,-2.9504093e-001
-7.1943684e-001,-9.8256331e-001,1.4100277e-001,-1.1555793e-001,1.3054344e+000,4.5054390e-001
7.4094498e-002,-6.2409982e-001,1.2313883e+000,-1.1682812e+000,-1.4085659e+000,3.4632910e-001
9.2083018e-001,1.4549964e+000,-1.2480617e+000,-8.9346410e-001,-2.0423472e-001,-9.3272911e-001
-1.6368428e+000,-6.6792196e-001,-1.6491641e+000,1.3831755e+000,9.1748694e-001,1.3305669e+000
2.2395541e-002,2.1078232e-002,-2.6851484e-001,-1.1879998e+000,-6.6414900e-001,-3.3783117e-001
-4.9906263e-001,-6.5057345e-001,2.2876111e-001,8.3404596e-001,-5.5723878e-001,9.1281692e-001
-5.2250774e-001,-7.2712631e-002,-1.5724998e+000,1.5479271e-001,8.2404841e-001,1.5458908e+000
-1.7613097e-001,3.6182287e-001,-7.3411473e-001,-2.1856928e-001,-1.3961975e+000,1.4680943e-001
3.0589495e-001,7.1913034e-001,-7.0104574e-001,-1.1681136e+000,-1.4875252e+000,-1.7564420e+000
7.0562262e-001,1.5739982e+000,-1.6528871e+000,-1.0730002e+000,-2.4508029e-001,-5.7806906e-001
-5.0168223e-001,2.4163655e-001,-1.7083261e+000,-1.6421709e+000,-7.9813894e-001,3.3502750e-001
7.4420579e-001,1.5234423e+000,-1.1191759e+000,-1.0177588e+000,1.3941967e+000,-8.9179941e-001
7.2140417e-001,1.6611791e+000,-1.5617274e+000,1.4743292e+000,-4.5283018e-002,2.3499612e-001
-6.4024207e-001,-4.6406952e-001,-7.8195537e-001,1.3834528e+000,-6.4929621e-001,1.4310815e+000
-2.1369196e-001,-2.2911815e-001,4.4451552e-001,1.4783603e+000,1.6840198e+000,1.5553556e+000
-3.2559721e-001,-1.4289276e-001,-2.4036846e-001,1.0093319e+000,-3.7840540e-001,1.1978561e+000
-2.5977464e-001,-1.1047522e-001,-2.4983921e-001,3.1771462e-002,8.2839675e-001,8.4383490e-001
1.0722090e+000,1.5010334e+000,2.1341575e-002,4.0433920e-001,1.4983428e+000,2.3167862e-001
-7.3104059e-001,-8.2140237e-001,2.2023845e-002,1.2603590e+000,-1.6150765e-001,8.6950129e-001
4.8573243e-001,1.1310487e+000,-1.3569442e+000,-1.0208060e+000,-3.6514092e-001,-1.9755838e+000
6.0784940e-001,3.7426949e-001,8.2346919e-001,-3.0614155e-001,-3.3317284e-001,-1.4205732e+000
1.5036360e-001,2.0043469e-001,-1.7089957e-001,1.2619045e+000,-1.6574884e+000,7.7356145e-002
-1.3330087e-001,1.9304337e-001,-6.9991306e-001,1.5342720e+000,-4.3702344e-001,8.2988625e-001
-1.5936455e+000,-1.5772738e+000,-5.2729997e-001,6.8957068e-001,1.0851806e+000,1.3103955e-001
1.2420302e+000,1.7156454e+000,-4.7465508e-001,1.7342267e+000,6.6463801e-001,1.3901538e+000
-2.0127379e-001,-9.1610893e-001,1.1284825e+000,-3.7926652e-001,-1.2336946e+000,5.0113081e-001
-1.0042544e+000,-1.2781149e+000,6.2080274e-002,-6.4514369e-001,1.1305986e+000,-2.7239865e-001
-5.1946054e-001,-1.2144211e+000,1.3397709e+000,-7.7721253e-001,1.3100479e+000,5.2392361e-001
-1.7126785e+000,-1.5665475e+000,-2.5507196e-001,-8.6232181e-001,1.1941831e+000,-5.2325905e-001
2.5906904e-001,-5.4319498e-001,9.0646782e-001,-4.9970757e-001,3.6189287e-001,1.0010684e+000
-1.5220650e+000,-1.7273227e+000,1.2433448e-001,-1.4605895e+000,-2.5705482e-001,-1.3842713e+000
3.2694813e-001,-1.2593573e-001,8.7171080e-001,-1.5653500e+000,-1.2496540e+000,-4.7420195e-001
5.4653653e-001,1.3402077e+000,-1.5484008e+000,6.6746813e-001,1.6798998e-001,-9.3151332e-001
-1.0824659e+000,-7.0110669e-001,-9.7217085e-001,-3.8245180e-001,-4.6800871e-001,2.9840561e-001
1.5283063e+000,9.9634826e-001,9.3180594e-001,-5.9135178e-001,-1.2685751e+000,-9.4499162e-001
-1.3124570e+000,-7.2549045e-001,-1.6643316e+000,-2.7525048e-001,1.1838556e+000,1.1719370e+000
-1.3723851e+000,-1.2549225e+000,-3.4077890e-001,2.8489332e-001,-1.2067675e+000,-3.2508888e-001
-2.5782110e-001,-4.7232590e-001,4.9427681e-001,-4.6965624e-001,4.0690739e-001,6.9646915e-001
1.9222355e-001,1.5664594e-002,5.9190870e-001,-1.0692460e+000,-1.6230021e+000,-2.6099561e-001
9.3763127e-001,1.9681035e-001,1.4137014e+000,1.3852761e+000,-6.8453301e-001,-2.8891040e-001
-9.9458547e-002,7.4939018e-001,-1.4891095e+000,-2.3555891e-001,-1.3362425e+000,-5.0565795e-001
-1.0980096e+000,-1.6884387e+000,1.1035392e+000,4.9179995e-001,1.0201874e+000,2.7499990e-001
4.1777186e-001,8.4782825e-001,-9.3605906e-001,1.4923598e+000,-1.4079798e+000,-1.0437284e+000
-1.4103410e+000,-1.6703985e+000,-1.4688304e-001,1.5246058e-001,8.6923884e-002,-2.8576350e-001
-2.5798702e-001,5.6326473e-001,-1.0334357e+000,6.8829772e-001,9.2857250e-001,7.5893981e-001
-8.3774941e-001,-1.0091550e+000,1.1180800e-001,-4.7939511e-001,-1.3748080e+000,-3.6927799e-001
1.5506496e+000,1.1078874e+000,1.3674259e+000,-1.0749537e+000,3.9508606e-002,-4.5535848e-002
6.9590832e-001,6.9363699e-001,-1.5017456e-001,-1.6618749e+000,-3.1458530e-001,-2.7057076e+000
-1.0410181e+000,-4.6446272e-001,-1.5212957e+000,1.3693671e-001,-8.6995331e-001,8.9435569e-001
1.7034972e+000,1.4235446e+000,1.4094391e+000,-5.7451113e-001,4.3833544e-001,9.9877580e-001
1.2521020e+000,1.4369134e+000,-2.5061295e-001,6.8324620e-001,-1.2178325e+000,2.0266136e-001
1.2989131e-001,1.4916122e-001,-2.5081797e-001,7.7381929e-001,8.3804065e-001,4.2771722e-001
-8.2037892e-001,-3.6530733e-001,-1.0433936e+000,9.8392136e-001,1.2742611e+000,1.7727768e+000
1.8913188e+000,1.5976224e+000,1.0091896e+000,-8.1069738e-001,-1.1620950e+000,4.3907488e-001
-5.0832884e-001,-8.2154155e-001,-1.2376656e-001,-1.1943867e+000,-6.3687182e-001,-2.5116463e-002
-3.5438767e-001,6.4187428e-001,-1.6289592e+000,6.6877583e-001,-1.6470516e+000,7.8075255e-001
-6.0435020e-002,-5.8081751e-001,9.8483108e-001,-8.1166334e-001,-1.1681492e+000,7.1662871e-001
-6.9044130e-001,-1.0222043e+000,6.0239510e-001,-5.3298893e-001,5.3747334e-001,2.3727480e-001
-5.1739940e-001,-5.6720499e-001,2.6811972e-001,-1.1595970e+000,3.9577768e-001,2.5290504e-001
1.1262657e+000,1.0854765e+000,-5.3500534e-002,-1.0899614e-001,1.0402568e+000,-1.1033035e+000
1.4356591e+000,1.3575611e+000,5.3749031e-001,-4.2208796e-001,1.4100529e+000,1.2916807e-001
3.7983562e-001,-3.6713624e-001,1.5146903e+000,-1.6232701e+000,-3.2143043e-003,3.9761912e-001
-1.7802654e+000,-1.3963578e+000,-8.0227678e-001,-1.0863080e+000,-8.1028743e-001,-7.1828375e-001
4.7435190e-001,1.3371173e+000,-1.3889711e+000,-3.7363336e-001,-5.3941908e-001,-1.6350110e+000
-2.0618297e+000,-1.6990214e+000,-1.2778494e+000,1.3478381e+000,8.0297422e-001,5.7659496e-001
-8.7240187e-001,-1.1730978e+000,-1.6197524e-001,-3.2358735e-001,-1.4461852e+000,-5.3505453e-002
1.6201317e+000,1.3121263e+000,1.6252147e+000,1.1066951e-001,-1.0756758e+000,7.7729309e-001
7.4961956e-001,-1.1611857e-002,1.4245744e+000,-4.6302299e-001,1.0756703e+000,-1.9822465e-001
1.6973594e-001,-5.9719208e-001,1.6988927e+000,7.7164456e-001,-7.0387359e-001,1.5745791e+000
2.2383682e+000,1.6809085e+000,1.6396445e+000,9.5900723e-001,-6.0660611e-001,6.7715287e-001
2.0159564e-002,-4.8606653e-001,1.1449441e+000,-3.3151831e-002,-1.5659511e+000,7.6908327e-001
-1.9608585e+000,-1.3462466e+000,-1.6620429e+000,7.1579393e-001,1.1989026e+000,5.6181492e-001
8.0935256e-001,1.3744440e+000,-9.6666758e-001,-1.6601149e+000,4.7473932e-001,-1.6386098e+000
1.0738009e+000,9.5502154e-001,2.0486453e-001,1.6757173e+000,1.2543391e+000,-6.8764094e-001
5.9798453e-001,7.5774525e-001,1.2091108e-001,-1.2235236e+000,9.7935316e-001,-2.0292420e+000
-1.3957587e+000,-9.2897498e-001,-1.3875009e+000,1.0984857e+000,-8.2445531e-001,8.4673796e-001
-3.7155437e-001,-1.1097374e+000,1.1577633e+000,-1.3511898e+000,-5.6310857e-001,1.1520319e-001
5.2339195e-001,1.0387582e+000,-1.1854470e+000,1.0232657e+000,1.5934673e+000,-1.2914629e+000
-2.0122474e+000,-1.5065338e+000,-8.7533842e-001,4.4061831e-002,-5.1892483e-001,-3.0808584e-001
-1.3022128e+000,-1.7501805e+000,1.1149834e+000,-1.6756019e-001,-1.4496333e+000,-2.8988580e-001
4.2096867e-002,-8.6587954e-002,6.0926937e-001,-1.8580378e-001,-3.0238324e-001,3.4833019e-001
-1.0943202e+000,-1.3125218e+000,-3.9199730e-001,5.9419573e-001,-1.7048543e+000,-1.3033356e-001
-1.3813733e-001,-4.8350478e-001,-2.2546444e-001,3.7945555e-001,-1.6498102e+000,6.4338261e-001
7.1234639e-001,9.9840502e-001,-7.6793143e-001,-1.4522849e+000,8.5194798e-001,-2.1655435e+000
-3.8232598e-001,-5.7259421e-001,-1.5810122e-001,1.3699533e+000,-1.2544942e+000,9.1175431e-001
1.8681964e-001,-1.9226383e-001,6.2353967e-001,6.8667083e-001,-1.1246712e+000,4.9414906e-001
4.1598302e-001,1.2917498e-001,8.7573603e-001,1.6754478e+000,-1.2308942e+000,2.0867833e-001
-9.3513643e-001,-8.8683440e-001,-6.4869815e-001,-6.0273759e-001,-5.2223350e-001,-1.8009233e-003
1.4127190e-001,3.7497572e-001,4.5704166e-001,-1.5222583e+000,1.1837589e+000,-7.5961428e-001
5.9568334e-001,2.6789991e-001,1.1998417e+000,-3.5021193e-003,1.4104500e+000,-3.7670145e-001
1.0732446e+000,1.7074999e+000,-1.3400468e+000,-1.4205008e+000,8.5694197e-002,8.3024140e-002
1.5428672e+000,1.3517292e+000,4.0977106e-001,3.4644271e-001,-1.4378818e+000,2.0769327e-001
-7.9679725e-001,-7.3663864e-001,-3.7695656e-001,-1.6968183e+000,-8.8388050e-001,-3.8990130e-001
-1.4872989e-001,-6.2077178e-001,1.1293988e+000,-1.5876267e+000,1.0316121e+000,5.4517613e-001
1.4499223e+000,1.0367460e+000,1.6983076e+000,1.4068682e+000,-1.3498823e+000,8.3701036e-002
2.3376293e-001,-7.8965466e-001,1.6611119e+000,-3.6966217e-001,-1.2798756e+000,9.7635316e-001
8.8821884e-001,1.2498484e+000,-6.8139672e-001,7.8854702e-001,1.4486383e+000,-7.6292429e-001
-1.3075572e+000,-1.0206108e+000,-4.7746782e-001,-8.7482203e-001,-1.1186113e+000,-3.9907485e-001
2.1317045e+000,1.5441522e+000,1.0744970e+000,-1.1772047e+000,-4.1952455e-001,3.6974528e-002
-4.1017028e-001,5.7547866e-001,-1.7003229e+000,-1.9089492e-001,1.2359372e+000,8.1743957e-001
-1.8683864e+000,-1.6147990e+000,-1.2948007e+000,-2.0889707e-001,-1.4311550e+000,-6.7846142e-001
-9.9631660e-001,-1.5673828e+000,6.7488893e-001,-1.1146367e+000,1.1033499e+000,-5.6108363e-001
-8.0290943e-001,-5.3960278e-001,-1.5349936e+000,-1.3301912e-002,1.0841280e+000,1.5399537e+000
8.0688179e-001,7.9645689e-001,8.1143049e-002,6.7463266e-001,2.7292654e-001,-1.5166093e+000
7.8263377e-001,5.7380924e-001,-1.6164390e-001,-3.6429999e-001,-9.3333527e-001,-1.9252095e+000
-6.6959843e-001,-7.6226134e-001,2.4145458e-001,1.8263329e-001,-1.2895648e-001,4.6067906e-001
9.4237673e-001,2.3258880e-001,1.4925145e+000,-4.3927204e-001,-1.6371500e+000,-1.3780227e+000
2.0900430e+000,1.4710620e+000,1.2481823e+000,-1.3569547e+000,4.9083227e-001,5.6197514e-001
2.4444647e-001,9.8571542e-001,-1.5194420e+000,-7.7980436e-001,1.5520868e+000,-1.1669494e+000
1.2544793e+000,2.3488717e-001,1.5299004e+000,-1.1245988e+000,-1.1532183e+000,-2.0800584e+000
7.7494174e-001,1.4910484e+000,-5.0630052e-001,-9.5384330e-001,6.2053821e-001,-1.1784474e+000
3.4857449e-001,-5.2205521e-002,1.2531380e+000,1.4439492e+000,-6.7513055e-001,9.1851877e-001
4.2164685e-001,1.2869875e+000,-1.2139203e+000,7.0232299e-001,3.9032634e-001,-9.5621611e-001
-1.0829741e-001,-1.1552345e-001,-7.6346563e-003,-6.2908110e-001,4.0738570e-001,4.7487321e-001
4.5644642e-001,2.5136104e-002,8.2794086e-001,-1.6370223e+000,-1.0328454e+000,-9.1481083e-001
-1.3726053e+000,-1.7371938e+000,9.7578663e-001,1.5992984e+000,1.3280858e+000,8.2143813e-001
-1.6787605e+000,-1.7128393e+000,-7.7344703e-001,1.6174676e+000,1.7105601e+000,8.4749651e-001
5.9039209e-001,9.9113830e-001,-4.3426949e-001,-4.6017770e-001,1.2174705e+000,-1.9872161e+000
4.9880891e-001,6.8430461e-001,-2.1682485e-001,-1.8563431e-001,4.5888332e-001,-1.3671947e+000
3.5690318e-001,9.2810685e-001,-1.3496305e+000,-1.4660124e+000,3.3744481e-001,-1.5657135e+000
-3.3701699e-001,-2.5097726e-001,-2.0130252e-001,-9.2287364e-001,5.4483729e-001,4.3776337e-001
-1.5940112e+000,-1.4153124e+000,-4.5082652e-001,1.7280399e+000,-1.5615122e+000,1.5823210e-001
-7.6324342e-001,-6.6523564e-001,1.3734571e-001,8.1042710e-001,1.0145652e-001,7.8380486e-001
-4.9382317e-001,-3.8095583e-001,-7.6195908e-001,8.4083338e-001,5.6334296e-001,1.5788643e+000
6.1260490e-001,-1.8915709e-001,1.5834378e+000,1.6464851e+000,1.5603303e+000,1.5962804e+000
1.7820676e-001,1.7254742e-001,2.1378619e-001,-7.4585428e-001,-1.5474723e+000,-6.7659036e-001
-6.3971488e-001,-1.2298052e+000,1.3686507e+000,3.7007364e-002,1.6970091e+000,1.0410250e+000
4.8375687e-001,1.3948070e-001,5.3486550e-001,-1.8675444e-001,1.5159760e+000,-2.8485204e-001
1.3660370e+000,1.4199014e+000,-1.0036166e-001,2.0925435e-001,9.3379381e-001,5.6109629e-001
-6.1732539e-001,-6.9561438e-001,-2.7136052e-001,-1.4449713e+000,4.9309361e-001,2.9320981e-001
-1.2758372e+000,-1.5355624e+000,-6.0619593e-001,4.1122555e-001,-1.3324829e+000,-4.9079654e-001
-3.4053270e-001,-1.5194211e+000,1.4649019e+000,1.7076407e+000,-3.7880020e-001,8.5350539e-001
-1.7099014e+000,-1.7058561e+000,2.8302470e-001,8.0553820e-001,-5.8947676e-001,-4.2166186e-001
-1.1657611e+000,-1.0926366e+000,-7.4366409e-001,-7.4298957e-001,-1.6733139e+000,-5.9130976e-001
-4.9807169e-001,-1.5388353e-001,-1.0631364e+000,1.5731243e+000,-1.4595183e+000,1.1714341e+000
7.0029451e-001,1.4715090e+000,-9.4343041e-001,-1.8205886e-001,-1.1435621e+000,-1.6378215e+000
-9.0495605e-001,-2.5588703e-001,-1.6004015e+000,-7.5423472e-001,5.2316826e-001,1.1033513e+000
4.0424459e-001,3.7604887e-001,-1.4203833e-001,-1.2908063e+000,-1.4137971e+000,-1.6112595e+000
7.9776598e-001,1.7378325e+000,-1.3832632e+000,-9.5494450e-001,-1.2935613e+000,-7.3630123e-001
-1.3913269e-001,-4.7632826e-001,1.3095930e+000,6.7878105e-001,1.2923017e+000,1.7221258e+000
5.4991780e-002,2.9130166e-001,-1.2151603e+000,-1.4648245e+000,-2.7151229e-001,-5.1056783e-001
1.4368077e+000,1.2569733e+000,5.4615307e-001,-1.5404710e+000,1.5632519e+000,-5.0673935e-001
-1.6052910e+000,-1.5565424e+000,-5.5193775e-001,1.2173718e+000,-8.7930838e-001,-1.8542022e-001
-1.5775381e+000,-1.3502158e+000,-6.8924314e-001,1.6311538e+000,1.3632887e-001,4.2610348e-001
-3.7874233e-001,-2.2303086e-001,-7.1965362e-001,-7.5361785e-002,8.4151280e-001,1.3003962e+000
-1.1507228e+000,-3.9204167e-001,-1.3339683e+000,2.5220462e-001,-1.3575420e+000,9.0726382e-001
-3.3606971e-001,4.3819063e-001,-1.4812427e+000,8.5549094e-002,-4.0987516e-001,4.6467381e-001
-4.2400555e-001,-5.7537689e-001,3.8365859e-001,-8.0749701e-001,-1.6829985e-001,3.6888502e-001
1.1762522e-002,-1.9746516e-001,1.8905175e-001,1.1318466e+000,1.2598528e-001,1.1606728e+000
1.7590844e+000,1.1430699e+000,1.3692612e+000,-9.0007266e-002,-8.6447192e-001,4.5494959e-001
2.5156632e-001,-7.7683228e-002,4.4041852e-001,-7.5809077e-001,-3.3471894e-001,6.1784838e-003
-9.8562398e-001,-1.6978375e+000,1.7019138e+000,-4.8836314e-001,-8.7516721e-001,-9.0948099e-002
7.4569901e-001,4.7449551e-001,4.4275649e-001,2.8316035e-001,-1.0684971e+000,-1.5207298e+000
5.2781884e-001,-9.6811604e-002,1.1314974e+000,-3.3903899e-001,-1.4782266e+000,-2.9137886e-001
-1.1247249e+000,-1.4258764e+000,5.3820860e-001,-9.2668078e-002,-7.5446925e-001,-2.4444911e-001
-1.3824809e+000,-1.3901549e+000,8.6015962e-002,-5.2871289e-001,-1.5447095e+000,-7.1370460e-001
8.3916798e-001,5.1505424e-001,7.7298220e-001,-8.7892892e-001,1.3493634e+000,-1.7680196e+000
1.8014120e-001,-1.8493431e-001,5.2860197e-001,-1.1851448e-001,4.3606856e-001,8.5678978e-002
7.8135297e-001,1.0193970e+000,-5.7175126e-001,1.6322800e+000,-1.5190133e+000,-1.4471438e+000
-9.0506124e-001,-6.4597927e-001,-7.9579981e-001,1.4018440e+000,1.6042437e+000,1.5025162e+000
-1.8758687e+000,-1.5520030e+000,-8.2116072e-001,-4.2321510e-001,2.1937555e-001,-2.9421540e-001
-1.2773617e+000,-1.3378322e+000,-1.4303533e-002,5.4313284e-001,-1.1850563e+000,-1.7227444e-001
1.2758618e+000,8.9407648e-001,1.1012724e+000,3.1454864e-001,-9.6250948e-001,-1.1552171e+000
2.1285233e+000,1.6565700e+000,1.5648631e+000,2.9216278e-001,3.9866789e-001,7.1321628e-001
-2.0204503e-001,6.7694239e-001,-1.2626648e+000,3.8387818e-001,-1.3192059e+000,-2.6805944e-001
4.5654485e-001,-3.2837585e-001,1.6740367e+000,-1.1213659e+000,-1.6941676e+000,2.1662097e-001
1.2417130e+000,5.0533511e-001,9.8957948e-001,9.3316350e-001,-8.1059368e-001,-1.5530316e+000
1.5927486e+000,1.1479812e+000,1.1482089e+000,-6.1404503e-001,1.5429544e+000,2.6183579e-001
-6.1492449e-002,-3.2784466e-001,-3.5697613e-002,-1.2430225e+000,-1.7286032e-001,2.1632894e-001
-1.4839927e+000,-8.9402317e-001,-1.2340361e+000,-4.7344110e-001,5.6424020e-001,1.6667776e-001
6.2763005e-001,5.2522238e-001,1.2422161e+000,1.0134300e+000,-9.4478877e-001,-9.5825257e-001
-9.8795087e-001,-1.5250709e+000,7.8745929e-001,-7.1889534e-001,-1.4911477e+000,-7.5587632e-001
3.7501809e-001,9.5270707e-001,-7.0521645e-001,1.5407219e+000,-6.7743725e-001,-1.1779689e+000
-5.8613418e-001,-1.7820144e-001,-5.1961564e-001,-1.6815089e+000,1.5114757e+000,6.1474349e-001
3.1575780e-001,-4.6343911e-001,1.4069320e+000,1.1219640e+000,8.2442218e-001,1.6906907e+000
-2.6204296e-002,-3.3654543e-001,8.0395259e-001,-9.4408299e-001,-1.6279317e+000,2.7623914e-001
3.8546751e-001,-8.3886150e-002,8.3484013e-001,-3.1015919e-001,9.8656448e-001,5.5286077e-001
-8.2363654e-001,-1.7367488e+000,1.4080859e+000,1.3122863e+000,7.5231657e-001,7.1578353e-001
1.6812113e-001,7.3224067e-001,-1.1419648e+000,-7.3761028e-001,-1.0933826e+000,-1.3340927e+000
1.2802241e+000,1.5756429e+000,-1.3825951e-001,-4.1084860e-001,1.6659101e-001,7.1488187e-002
1.6833422e+000,1.3922816e+000,1.1777833e+000,1.0820725e+000,-1.1865435e+000,1.1450198e+000
-9.4397964e-001,-1.3440492e+000,4.8891081e-001,4.7057383e-001,3.8379068e-001,9.7540305e-002
4.6368247e-001,2.4657208e-001,3.7672013e-001,8.7361211e-002,-8.9332898e-001,-7.7704149e-001
-1.1051550e+000,-6.4591601e-001,-1.5549818e+000,-1.4914475e+000,-1.3886366e+000,4.1661179e-001
6.9734388e-001,-2.0684463e-002,1.3418247e+000,-7.8358343e-001,-1.4774992e-001,-2.5988276e-001
1.7879112e+000,1.7020648e+000,1.3910899e+000,-1.2531497e+000,9.3882735e-001,8.0544933e-001
-1.4836033e+000,-1.5566029e+000,-5.9338545e-001,-1.3274087e+000,1.2983190e+000,-4.7516958e-001
4.5373553e-001,-2.4411330e-001,1.2525650e+000,1.6262889e+000,-7.4381557e-001,9.7545297e-001
-1.6026574e+000,-1.1216048e+000,-1.0933474e+000,1.7436176e+000,7.1277785e-002,7.6911722e-001
-4.3306057e-001,-2.9435122e-001,-2.7990134e-002,3.2518262e-001,1.3725388e+000,9.7897958e-001
-7.2220881e-001,-1.3439189e+000,9.2129490e-001,-3.0452819e-001,6.0424998e-001,2.2482803e-001
9.0453553e-001,1.6473463e+000,-1.0784792e+000,3.5600097e-001,-3.1646941e-001,9.6196192e-003
8.4228060e-001,7.9600000e-002,1.7080851e+000,9.4145426e-001,-1.1088854e+000,-5.7402726e-002
4.1164709e-001,-4.5254524e-001,1.5677817e+000,-4.5933667e-001,-8.7241611e-001,9.7165429e-001
-2.1116802e+000,-1.7614332e+000,-1.4281543e+000,-3.7200383e-001,-2.3009027e-001,-1.8896366e-001
6.4440467e-001,5.7851016e-001,6.9763505e-001,7.8487175e-001,6.0024095e-001,-1.1069543e+000
-6.1155627e-001,-1.1549578e+000,1.2412845e+000,6.6529955e-001,5.8849947e-001,6.2684762e-001
1.2679685e+000,8.2340614e-001,1.0549550e+000,-2.1456047e-002,-5.5611658e-001,-1.3779167e+000
5.8064500e-001,1.3280782e+000,-8.4922271e-001,8.3972898e-001,4.7519492e-001,-9.8377908e-001
-3.1213922e-001,1.0833251e-001,-9.4841452e-001,-1.3760410e+000,-1.6754743e+000,-2.9290418e-001
1.4787643e+000,8.0763470e-001,1.5325023e+000,9.5640095e-001,5.4858855e-001,-3.2311094e-001
1.1214071e+000,4.7253844e-001,1.1810150e+000,-1.1145720e+000,8.7210927e-001,-1.9054953e+000
1.5220927e+000,1.1104685e+000,1.2171721e+000,-1.2688087e+000,1.6919841e+000,-4.4737478e-002
1.2743882e+000,1.2923405e+000,7.9958534e-002,-9.3474073e-002,6.4949550e-001,-2.3252500e-001
1.2753916e+000,1.3402926e+000,3.3585933e-002,4.9064110e-001,-5.4267237e-001,-1.3616483e-001
5.2362753e-001,1.0013265e+000,-8.0083066e-001,-1.6672915e+000,1.4496549e+000,-2.1189893e+000
2.0135771e-001,-7.0710714e-001,1.6754557e+000,1.7566432e+000,1.2401863e+000,2.5458414e+000
1.0755585e+000,1.3858016e+000,-8.6264458e-001,-1.5338169e+000,7.6394752e-001,-5.9946115e-001
-2.0055761e+000,-1.5730526e+000,-1.7151861e+000,-1.5674917e+000,-1.3822186e+000,-8.4042201e-001
-1.3368983e+000,-2.1695513e-001,-1.6387120e+000,1.3438955e+000,-6.1909801e-001,1.5433470e+000
5.0712253e-001,6.5373403e-001,-3.7031773e-001,1.9621299e-001,2.7314729e-001,-1.4962622e+000
-1.0519686e+000,-1.1634059e+000,-2.3947991e-001,1.1887775e+000,7.9419904e-001,7.8171536e-001
-1.5026949e-001,-5.9490825e-001,1.0563531e+000,1.4438782e+000,-6.8148181e-001,1.3229633e+000
8.3793370e-001,9.2956756e-001,-9.6050699e-002,-1.2373820e+000,1.3240056e+000,-2.1808099e+000
-5.1931673e-001,-2.4908341e-001,-1.0343095e+000,-6.0341500e-001,-1.3345260e+000,5.0843457e-001
-4.9718519e-001,-3.8215240e-001,-2.1566310e-001,1.4696755e+000,2.2209213e-001,1.4143338e+000
7.6993883e-002,-2.9347386e-001,4.6975058e-001,-1.6600263e+000,4.0947022e-001,3.2012727e-001
1.4350811e+000,1.1564999e+000,9.3633526e-001,9.4161004e-001,-7.1091922e-001,-3.4479454e-002
5.0646116e-001,-2.4912606e-002,1.2445064e+000,-1.0313240e+000,1.6090493e-002,-8.7048107e-002
-6.8978750e-001,-7.5969938e-001,-6.4975191e-001,-5.3672845e-001,-6.5797683e-001,2.9269717e-001
1.0108638e+000,8.9698211e-001,-3.2075839e-001,1.5128528e+000,2.2668346e-001,-1.1425452e+000
-3.8846138e-001,-8.3515185e-001,1.2472856e+000,-4.7059896e-001,1.4849661e+000,1.0271591e+000
1.1883243e+000,6.0015584e-001,1.7082361e+000,2.5780118e-001,2.4023558e-001,-9.6478668e-001
-1.1539113e+000,-1.6951756e+000,9.9410648e-001,5.3162367e-001,1.3930011e+000,2.8775274e-001
-5.0860401e-001,-8.5948839e-001,3.9502899e-001,-6.8302696e-002,3.7044800e-001,7.3743585e-001
1.6658298e+000,1.2796571e+000,1.2539689e+000,-5.7792683e-001,-1.4738281e+000,3.0295217e-001
1.8337370e+000,1.5540376e+000,1.2295092e+000,-1.0531540e+000,-1.4732325e+000,5.0087807e-001
-1.6359790e-001,-7.0368237e-001,1.0495730e+000,2.9166422e-001,1.4980057e+000,1.3252055e+000
-5.7040792e-002,-1.4082067e-001,4.7010459e-001,1.4479864e+000,-1.4532110e+000,8.8423185e-001
8.3218810e-001,1.4819566e+000,-1.2047086e+000,9.4430246e-002,1.7290281e+000,-2.5228387e-001
-6.8153396e-001,9.1917989e-003,-1.2927240e+000,7.5351625e-001,1.2298595e+000,1.8685004e+000
1.2187170e+000,1.3546840e+000,-1.3087197e-001,-2.5435971e-002,1.0996714e+000,-1.0714507e-001
2.4268909e-001,1.0467616e+000,-1.5178804e+000,1.2580942e+000,-1.6092760e+000,-9.7282432e-001
-1.5832879e+000,-9.2976355e-001,-1.4215808e+000,6.8698406e-002,-8.5364738e-001,3.6512855e-001
1.0391228e+000,9.2189192e-001,1.0961809e+000,1.3098304e-001,-7.1647605e-001,-1.4771180e+000
1.0685177e+000,1.2277552e+000,5.7710848e-002,3.7550845e-001,4.6041381e-001,-9.8080200e-001
9.7859801e-001,3.0667242e-001,1.2159735e+000,1.4589906e+000,2.4547478e-001,-5.9149875e-001
-3.8425298e-001,-1.1950863e+000,1.0485239e+000,3.1474438e-001,-3.2910714e-001,4.9650604e-001
9.7497201e-001,1.0952235e+000,-1.3420822e-001,2.4429622e-002,2.8589557e-001,-1.2727794e+000
-1.1115895e+000,-1.2094051e+000,1.5692193e-001,-9.6408113e-001,1.2786319e+000,-1.7580220e-001
1.4288007e+000,9.0462636e-001,1.3179985e+000,1.6719796e-001,-1.2004248e+000,-1.0373079e+000
-1.0712816e+000,-3.9866906e-001,-1.5068823e+000,-8.7720414e-001,1.2837517e+000,1.1362475e+000
7.1017207e-001,8.2154923e-001,3.1836158e-001,-5.4658422e-001,5.4952091e-001,-1.8955411e+000
7.9145941e-001,6.2011975e-001,5.9005997e-001,-7.6114652e-001,-1.6200561e+000,-2.4905063e+000
-6.7077341e-001,-3.5456305e-001,-1.2077887e+000,-1.6176597e+000,2.3429070e-001,3.5325650e-001
1.1637799e+000,1.4422954e+000,-4.4309924e-002,-4.0294779e-001,1.0540606e+000,-3.4717038e-001
-1.2131671e+000,-7.9490193e-001,-9.8263291e-001,-3.0188147e-002,1.3095386e+000,6.6028415e-001
2.9360414e-001,-2.8521011e-001,8.9442415e-001,6.7947980e-001,8.8873055e-001,1.0439200e+000
1.5484735e-001,-1.2265126e-002,2.4406108e-001,-1.1912908e+000,3.4776837e-001,-1.9611779e-001
3.3859686e-001,-5.9183115e-002,1.2765416e+000,1.0174404e-001,1.7218458e+000,9.1472219e-001
3.3615478e-001,2.2965113e-001,1.0768962e-001,1.3999041e+000,8.1231119e-001,8.9591728e-002
8.3729943e-001,1.7894756e-001,1.5152734e+000,1.4542286e+000,1.1745568e+000,2.1298283e-001
1.7900398e+000,1.2576654e+000,9.3112143e-001,-1.1334453e-001,-1.3101405e+000,5.8476961e-001
-3.0435952e-001,5.5791646e-001,-1.3893927e+000,-1.6866661e+000,1.4766370e+000,1.6103718e-001
-1.3318268e+000,-1.1911733e+000,-8.8191657e-001,1.4973853e+000,1.0316361e+000,8.3232304e-001
-8.7907753e-001,-1.1916840e+000,5.3894349e-001,5.5516156e-001,6.9169631e-001,4.5143344e-001
-4.9845487e-001,5.4243992e-001,-1.5600710e+000,-5.9444805e-001,3.3523085e-001,6.4760555e-001
1.2265861e+000,1.6111902e+000,-1.1455583e-001,6.0162756e-001,-1.1936014e+000,2.7304567e-001
1.2497480e+000,5.1844384e-001,1.0014959e+000,1.0948692e+000,8.9156049e-001,-1.0655168e+000
-2.8334122e-001,-3.5059093e-001,-8.9050813e-002,-1.1457065e+000,9.4290029e-001,8.1090367e-001
-6.0549886e-001,-9.9564244e-001,1.1865858e+000,8.3136374e-001,-5.0548089e-001,1.1054011e+000
-2.4526331e-001,4.2922704e-002,-4.8130845e-001,1.1751909e+000,-6.2606302e-001,1.0088114e+000
1.1781144e+000,4.6184516e-001,1.5809755e+000,-1.4852020e+000,3.7906040e-001,-2.0103165e+000
1.6593354e+000,9.6848820e-001,9.9563506e-001,-3.2754608e-001,-3.5505048e-001,-4.9371298e-001
1.4175565e+000,1.1741476e+000,7.0490951e-001,4.2558766e-001,1.3266711e+000,2.1183620e-001
1.3371702e+000,9.4620819e-001,9.9691715e-001,8.0585027e-001,-9.4044011e-001,-7.8644952e-001
-9.6038183e-001,-1.5386184e+000,1.1358518e+000,-4.5180624e-001,-1.4928905e+000,-7.7336507e-001
7.7917762e-001,1.0369407e+000,-2.9769365e-002,-1.3097635e+000,6.8974650e-001,-2.1449192e+000
-1.4818564e+000,-1.4150851e+000,1.2449080e-001,-1.0067788e+000,-1.3349892e+000,-9.3946686e-001
-7.3046223e-001,-1.4918047e+000,9.2689131e-001,-1.0826667e+000,1.3939731e+000,-7.8071885e-003
6.4723112e-001,1.4126000e+000,-1.1786454e+000,1.4988535e+000,3.5698072e-001,-8.6069922e-001
-1.0734760e-001,3.6616497e-001,-1.0501181e+000,-9.2860763e-001,-8.6899584e-001,-3.7619514e-001
3.7095810e-002,-9.1211373e-004,-5.9007231e-001,-1.0867833e+000,-4.6461983e-001,-1.8344604e-001
-1.7569148e+000,-1.3052052e+000,-1.0348649e+000,-3.0165339e-001,-3.4268510e-001,-3.1004230e-001
-1.0763156e+000,-5.1378263e-001,-1.4898617e+000,-1.4515581e+000,-1.6293964e+000,3.7036810e-002
1.7528537e+000,1.2561483e+000,1.6752242e+000,-1.4800740e+000,1.2316261e+000,7.3299031e-001
-2.0792874e+000,-1.2688656e+000,-1.6858569e+000,1.6795960e+000,-1.4541708e+000,3.2293764e-001
-9.2210635e-001,-3.7152868e-001,-1.5045317e+000,1.6474685e+000,1.5110461e+000,2.1604892e+000
4.8019761e-001,-2.7639290e-001,8.3878327e-001,-7.5327112e-001,-1.1170515e+000,-1.9214723e-001
2.1148460e-001,2.5690637e-001,5.7277775e-002,1.7647591e+000,3.5383037e-001,4.4417386e-001
8.2111446e-001,7.2325528e-001,4.1273544e-001,-1.2626821e+000,-8.0013851e-001,-2.7210004e+000
7.8527792e-001,8.5483935e-001,8.1408882e-002,4.9528711e-001,2.5524937e-002,-1.9432419e+000
4.8253021e-001,5.0951581e-001,-8.8808542e-002,1.0886859e+000,-1.6573349e+000,-1.2089553e+000
-1.3139861e+000,-7.5160083e-001,-1.2725421e+000,1.4997398e+000,8.4488515e-003,1.1531258e+000
5.9315574e-001,1.4356898e+000,-1.3018592e+000,1.1728902e+000,-1.1408806e+000,-7.0717236e-001
5.5107445e-001,6.0135156e-001,-4.4681023e-002,-6.7072535e-001,-2.4327545e-002,-1.5151240e+000
1.3913029e+000,1.2428678e+000,7.4995398e-001,3.2473701e-001,-1.0576812e+000,-4.4349883e-002
-1.6586802e-002,-1.3798355e-001,6.3341183e-001,1.5685389e+000,-2.7876678e-001,1.1204673e+000
1.0943876e+000,8.5460544e-001,6.0174124e-001,-1.5955729e+000,4.9422886e-001,-2.2033577e+000
1.0537343e+000,1.6106545e+000,-4.3491790e-001,1.9058967e-001,1.1448710e+000,8.9232821e-002
-5.1065960e-001,-6.0828642e-002,-1.3384293e+000,-1.0384411e+000,4.4839352e-001,6.4546302e-001
-7.3697623e-001,-7.9622860e-001,4.9319838e-001,-1.1023047e+000,-1.6784205e+000,-5.0009295e-002
8.4243682e-001,1.5887207e+000,-7.7761184e-001,1.7291445e+000,-3.5253294e-001,3.5765021e-002
5.6759107e-001,1.5527639e-001,1.1724608e+000,-6.9741220e-001,1.4276135e+000,-1.9641765e-001
-1.0538751e+000,-1.5704418e+000,1.0727093e+000,1.1298893e+000,-2.5925962e-001,1.1653305e-001
-8.6815751e-001,-7.0176578e-001,-1.1183470e+000,1.5344993e+000,-4.1728399e-001,1.2857803e+000
7.6936617e-001,7.7222189e-001,-4.0217486e-002,-3.4076389e-001,1.0374733e+000,-1.5864979e+000
-2.7180243e-001,1.7740449e-001,-1.1645510e+000,1.3253695e+000,-3.6221252e-001,1.0632498e+000
-1.6104260e+000,-1.6585358e+000,-5.9440081e-001,1.1221332e+000,-1.3566603e+000,-2.6197736e-001
4.8841844e-002,1.0267679e-001,-2.8387213e-001,-1.7646066e-001,5.4311068e-001,1.5429714e-001
-4.6496049e-001,-1.9661136e-001,-5.3716304e-001,1.3223604e+000,-2.3230690e-001,1.4613402e+000
-3.0479351e-001,-1.8335390e-001,-4.3649108e-001,5.2217580e-001,1.1325994e+000,1.1274791e+000
1.0417545e-001,8.4661697e-001,-8.4364420e-001,-1.5315057e+000,-1.4443436e+000,-1.7802494e+000
-4.7926430e-001,-1.0141720e+000,1.1957664e+000,-9.6413223e-001,4.4552325e-001,3.0908136e-001
-5.5484806e-001,-3.9363955e-001,-1.3359746e-001,1.8462877e-001,1.3347974e+000,1.1975500e+000
3.2978695e-001,9.0279095e-001,-1.5705260e+000,1.3151814e+000,1.5394618e+000,-3.1597900e-001
-1.7574753e+000,-1.4921038e+000,-1.0902637e+000,1.0631512e+000,4.0781760e-001,2.4218163e-001
4.3654544e-001,8.2636059e-001,-2.6585058e-001,-9.1214049e-002,2.6768847e-001,-1.4433213e+000
9.1368027e-001,2.3167833e-001,1.1547466e+000,1.5934981e+000,3.5219268e-001,-2.2856003e-001
-3.2316976e-001,-9.6064001e-001,1.2622245e+000,-1.3847177e+000,-2.4421043e-001,6.0675009e-001
-5.7592445e-001,-9.8579894e-003,-1.1228281e+000,1.8746431e-001,8.9320533e-001,1.3870663e+000
-1.5647356e+000,-1.7231927e+000,-2.3530831e-001,1.0832415e+000,1.3490997e+000,6.4626031e-002
8.9707312e-001,1.6963858e+000,-1.4960077e+000,-1.2677578e+000,-1.6202952e+000,-5.6193472e-001
2.8002186e-001,-2.1423027e-001,8.0306299e-001,1.4566970e+000,-1.3129659e-001,1.2266381e+000
-7.4210173e-001,-4.1076645e-001,-5.4805320e-001,1.3035338e+000,6.2864090e-001,1.2438524e+000
2.6859371e-001,5.4631084e-001,-1.2436923e+000,-1.1573083e+000,-1.4187141e+000,-1.2879954e+000
1.7995238e+000,1.4943067e+000,1.0514557e+000,-1.2351603e+000,-1.4825372e+000,1.8748824e-001
-5.8351529e-001,-6.5935218e-001,1.6448317e-001,1.0819394e+000,6.8043628e-001,1.1949738e+000
1.0135990e-001,4.3742342e-001,-1.1629751e-001,7.4667423e-001,1.6703040e+000,2.8444572e-002
-1.7083876e+000,-1.0775122e+000,-1.6563771e+000,2.9486281e-001,9.3258293e-001,4.9926758e-001
-7.7488187e-001,-1.6837320e+000,1.6409713e+000,-6.1296612e-001,-1.2039273e+000,-1.7536250e-001
-1.6214712e+000,-1.3409107e+000,-1.6911411e+000,-4.6221235e-002,-1.0702032e+000,7.8924454e-002
-2.8913766e-001,-8.1045726e-001,8.5754692e-001,-1.0400715e+000,-6.8624145e-001,4.1862453e-001
-4.6312341e-001,-5.6071429e-001,1.3279058e-001,-8.3651100e-001,-1.6328828e+000,1.0739609e-001
8.5925253e-001,1.8593785e-001,1.1022661e+000,-1.1496627e+000,1.6469067e+000,-1.0538488e+000
-8.4599584e-001,-5.6092501e-001,-6.3612174e-001,-1.4523203e+000,-5.8673116e-001,-2.3244744e-002
-1.1363755e-001,-7.4470991e-001,1.4588605e+000,-1.0155537e+000,3.8048735e-001,8.1372380e-001
1.7328515e-001,-7.3147882e-001,1.6932096e+000,1.0534155e+000,2.8328945e-001,1.9688883e+000
-9.1865144e-002,-9.9766520e-001,1.4386444e+000,6.8414680e-001,-1.0298469e-002,1.1117401e+000
1.3950670e+000,1.3989953e+000,9.6961716e-001,6.7109633e-002,8.4885960e-001,5.2443063e-001
-9.8280585e-001,-8.1245800e-001,-5.3694084e-001,5.3106417e-001,1.4370732e+000,8.3281999e-001
1.2013572e+000,7.7235966e-001,1.0225834e+000,1.7076591e+000,1.2082849e+000,-7.6059530e-001
-6.7965242e-001,-6.7082835e-001,4.0535723e-001,4.7102044e-001,1.4138539e+000,1.0778964e+000
-9.7269046e-001,-1.7426421e+000,9.1042060e-001,-3.2490800e-001,1.7357230e+000,5.5671039e-002
-6.0320103e-001,-7.6631959e-001,7.3706745e-003,7.5257761e-001,1.7203236e+000,1.1679504e+000
-9.6596889e-001,-5.7842324e-001,-1.3756155e+000,-3.4622003e-001,-1.2704995e+000,5.8720528e-001
-1.1943028e-002,1.0119652e+000,-1.6870131e+000,-1.3825958e+000,-1.4694943e+000,-1.6283096e+000
3.2987835e-001,1.5510321e+000,-1.3034569e+000,-1.0966855e+000,5.5665531e-001,-1.7211490e+000
3.8639238e-001,-3.3282417e-001,9.6190953e-001,-8.2989368e-001,2.9975424e-001,2.3091722e-001
1.4609331e+000,1.3285609e+000,8.1909710e-001,-3.8823427e-001,1.0635314e+000,2.0340849e-001
1.2334673e+000,8.3198250e-001,8.3556832e-001,5.7500149e-001,-1.6791678e+000,-1.5349115e+000
-5.5221504e-001,-1.9622486e-001,-1.0709726e+000,-1.1710207e+000,1.6368463e+000,8.0966524e-001
6.6768431e-001,1.3172991e+000,-9.4028544e-001,-1.8640044e-001,8.4760801e-001,-1.4101587e+000
-4.0772322e-001,-6.4765368e-001,4.1297709e-001,6.0862316e-001,1.2954264e+000,1.3133057e+000
-1.0414196e+000,-1.0236303e+000,2.8169950e-001,1.1881744e+000,5.5513347e-001,8.8393677e-001
